time,open,high,low,close,volume,value,foreign_buy_vol,foreign_sell_vol,foreign_buy_val,foreign_sell_val,foreign_room
2017-11-30,6.5,6.5,6.5,6.5,0,0.0,,,,,
2017-12-01,6.5,6.5,6.5,6.5,0,0.0,,,,,
2017-12-04,6.5,6.5,6.5,6.5,0,0.0,,,,,
2017-12-05,6.5,6.5,6.5,6.5,0,0.0,,,,,
2017-12-06,6.5,6.5,6.5,6.5,0,0.0,,,,,
2017-12-07,6.5,6.5,6.5,6.5,0,0.0,,,,,
2017-12-08,6.5,6.5,6.5,6.5,0,0.0,,,,,
2017-12-11,6.5,6.5,6.5,6.5,0,0.0,,,,,
2017-12-12,6.5,6.5,6.5,6.5,0,0.0,,,,,
2017-12-13,6.5,6.5,6.5,6.5,0,0.0,,,,,
2017-12-14,6.5,6.5,6.5,6.5,0,0.0,,,,,
2017-12-15,6.5,6.5,6.5,6.5,0,0.0,,,,,
2017-12-18,6.5,6.5,6.5,6.5,0,0.0,,,,,
2017-12-19,6.5,6.5,6.5,6.5,0,0.0,,,,,
2017-12-20,6.5,6.5,6.5,6.5,0,0.0,,,,,
2017-12-21,6.5,6.5,6.5,6.5,0,0.0,,,,,
2017-12-22,6.5,6.5,6.5,6.5,0,0.0,,,,,
2017-12-25,6.5,6.5,6.5,6.5,0,0.0,,,,,
2017-12-26,6.5,6.5,6.5,6.5,0,0.0,,,,,
2017-12-27,6.5,6.5,6.5,6.5,0,0.0,,,,,
2017-12-28,6.5,6.5,6.5,6.5,0,0.0,,,,,
2017-12-29,6.5,6.5,6.5,6.5,0,0.0,,,,,
2018-01-02,6.5,6.5,6.5,6.5,0,0.0,,,,,
2018-01-03,6.5,6.5,6.5,6.5,0,0.0,,,,,
2018-01-04,6.5,6.5,6.5,6.5,0,0.0,,,,,
2018-01-05,6.5,6.5,6.5,6.5,0,0.0,,,,,
2018-01-08,6.5,6.5,6.5,6.5,0,0.0,,,,,
2018-01-09,6.5,6.5,6.5,6.5,0,0.0,,,,,
2018-01-10,6.5,6.5,6.5,6.5,0,0.0,,,,,
2018-01-11,6.5,6.5,6.5,6.5,0,0.0,,,,,
2018-01-12,6.5,6.5,6.5,6.5,0,0.0,,,,,
2018-01-15,6.5,6.5,6.5,6.5,0,0.0,,,,,
2018-01-16,6.5,6.5,6.5,6.5,0,0.0,,,,,
2018-01-17,6.5,6.5,6.5,6.5,0,0.0,,,,,
2018-01-18,6.5,6.5,6.5,6.5,0,0.0,,,,,
2018-01-19,6.5,6.5,6.5,6.5,0,0.0,,,,,
2018-01-22,6.5,6.5,6.5,6.5,0,0.0,,,,,
2018-01-23,6.5,6.5,6.5,6.5,0,0.0,,,,,
2018-01-24,8.0,9.1,3.9,3.9,20000,78000.0,,,,,
2018-01-25,6.8,6.8,6.8,6.8,0,0.0,,,,,
2018-01-26,6.8,6.8,6.8,6.8,0,0.0,,,,,
2018-01-29,5.8,5.8,5.8,5.8,100,580.0,,,,,
2018-01-30,5.8,5.8,5.8,5.8,0,0.0,,,,,
2018-01-31,5.0,5.0,5.0,5.0,3900,19500.0,,,,,
2018-02-01,4.3,4.3,4.3,4.3,100,430.0,,,,,
2018-02-02,3.7,3.7,3.7,3.7,500,1850.0,,,,,
2018-02-05,3.2,3.2,3.2,3.2,1000,3200.0,,,,,
2018-02-06,2.8,2.8,2.8,2.8,500,1400.0,,,,,
2018-02-07,2.4,2.4,2.4,2.4,2200,5280.0,,,,,
2018-02-08,2.4,2.4,2.4,2.4,0,0.0,,,,,
2018-02-09,2.4,2.4,2.4,2.4,0,0.0,,,,,
2018-02-12,2.1,2.6,2.1,2.6,1100,2860.0,,,,,
2018-02-13,1.8,1.8,1.8,1.8,5100,9180.0,,,,,
2018-02-21,1.6,1.6,1.6,1.6,1600,2560.0,,,,,
2018-02-22,1.4,1.4,1.4,1.4,800,1120.0,,,,,
2018-02-23,1.6,1.6,1.6,1.6,200,320.0,,,,,
2018-02-26,1.8,1.8,1.8,1.8,400,720.0,,,,,
2018-02-27,1.9,2.0,1.9,2.0,3200,6400.0,,,,,
2018-02-28,2.3,2.3,2.3,2.3,100,230.0,,,,,
2018-03-01,2.6,2.6,2.6,2.6,300,780.0,,,,,
2018-03-02,2.9,2.9,2.9,2.9,1500,4350.0,,,,,
2018-03-05,3.3,3.3,3.3,3.3,1900,6270.0,,,,,
2018-03-06,3.7,3.7,3.7,3.7,3100,11470.0,,,,,
2018-03-07,4.2,4.2,4.1,4.1,700,2869.9999999999995,,,,,
2018-03-08,3.5,3.5,3.5,3.5,500,1750.0,,,,,
2018-03-09,3.0,3.0,3.0,3.0,200,600.0,,,,,
2018-03-12,2.6,2.6,2.6,2.6,6500,16900.0,,,,,
2018-03-13,2.3,2.9,2.3,2.9,4100,11890.0,,,,,
2018-03-14,2.8,3.2,2.8,2.9,3600,10440.0,,,,,
2018-03-15,3.3,3.3,3.2,3.3,700,2310.0,,,,,
2018-03-16,3.6,3.7,3.6,3.7,700,2590.0,,,,,
2018-03-19,4.2,4.2,4.2,4.2,2200,9240.0,,,,,
2018-03-20,4.8,4.8,4.8,4.8,100,480.0,,,,,
2018-03-21,5.5,5.5,5.5,5.5,100,550.0,,,,,
2018-03-22,6.3,6.3,5.5,6.3,3400,21420.0,,,,,
2018-03-23,7.0,7.0,7.0,7.0,5000,35000.0,,,,,
2018-03-26,8.0,8.0,8.0,8.0,300,2400.0,,,,,
2018-03-27,9.2,9.2,9.2,9.2,100,920.0,,,,,
2018-03-28,10.5,10.5,7.9,7.9,300,2370.0,,,,,
2018-03-29,8.8,8.8,8.8,8.8,0,0.0,,,,,
2018-03-30,8.8,8.8,8.8,8.8,0,0.0,,,,,
2018-04-02,8.8,8.8,8.8,8.8,0,0.0,,,,,
2018-04-03,8.8,8.8,8.8,8.8,0,0.0,,,,,
2018-04-04,8.8,8.8,8.8,8.8,0,0.0,,,,,
2018-04-05,8.8,8.8,8.8,8.8,0,0.0,,,,,
2018-04-06,8.8,8.8,8.8,8.8,0,0.0,,,,,
2018-04-09,8.8,8.8,8.8,8.8,0,0.0,,,,,
2018-04-10,8.8,8.8,8.8,8.8,0,0.0,,,,,
2018-04-11,8.8,8.8,8.8,8.8,0,0.0,,,,,
2018-04-12,8.8,8.8,8.8,8.8,0,0.0,,,,,
2018-04-13,8.8,8.8,8.8,8.8,0,0.0,,,,,
2018-04-16,8.8,8.8,8.8,8.8,0,0.0,,,,,
2018-04-17,8.8,8.8,8.8,8.8,0,0.0,,,,,
2018-04-18,8.8,8.8,8.8,8.8,0,0.0,,,,,
2018-04-19,8.8,8.8,8.8,8.8,0,0.0,,,,,
2018-04-20,8.8,8.8,8.8,8.8,0,0.0,,,,,
2018-04-23,8.8,8.8,8.8,8.8,0,0.0,,,,,
2018-04-24,8.8,8.8,8.8,8.8,0,0.0,,,,,
2018-04-26,8.8,8.8,8.8,8.8,0,0.0,,,,,
2018-04-27,8.8,8.8,8.8,8.8,0,0.0,,,,,
2018-05-02,8.8,8.8,8.8,8.8,0,0.0,,,,,
2018-05-03,7.5,7.5,7.5,7.5,300,2250.0,,,,,
2018-05-04,7.5,7.5,7.5,7.5,0,0.0,,,,,
2018-05-07,7.5,7.5,7.5,7.5,0,0.0,,,,,
2018-05-08,7.5,7.5,7.5,7.5,0,0.0,,,,,
2018-05-09,7.5,7.5,7.5,7.5,0,0.0,,,,,
2018-05-10,7.5,7.5,7.5,7.5,0,0.0,,,,,
2018-05-11,7.5,7.5,7.5,7.5,0,0.0,,,,,
2018-05-14,6.4,6.4,6.4,6.4,100,640.0,,,,,
2018-05-15,5.5,5.5,5.5,5.5,100,550.0,,,,,
2018-05-16,4.7,4.7,4.7,4.7,100,470.0,,,,,
2018-05-17,4.0,4.0,4.0,4.0,100,400.0,,,,,
2018-05-18,3.4,3.4,3.4,3.4,400,1360.0,,,,,
2018-05-21,2.9,3.9,2.9,3.8,2300,8740.0,,,,,
2018-05-22,2.7,2.7,2.7,2.7,3800,10260.0,,,,,
2018-05-23,2.7,2.7,2.7,2.7,0,0.0,,,,,
2018-05-24,2.7,2.7,2.7,2.7,0,0.0,,,,,
2018-05-25,2.7,2.7,2.7,2.7,0,0.0,,,,,
2018-05-28,3.0,3.0,2.3,2.3,300,690.0,,,,,
2018-05-29,2.3,2.4,2.3,2.3,1400,3219.9999999999995,,,,,
2018-05-30,2.3,2.6,2.0,2.0,2800,5600.0,,,,,
2018-05-31,2.4,2.4,2.4,2.4,100,240.0,,,,,
2018-06-01,2.7,2.7,2.1,2.1,3900,8190.0,,,,,
2018-06-04,2.4,2.4,2.4,2.4,300,720.0,,,,,
2018-06-05,2.7,2.7,2.7,2.7,2100,5670.0,,,,,
2018-06-06,3.1,3.1,3.0,3.1,2400,7440.0,,,,,
2018-06-07,3.1,3.1,3.1,3.1,0,0.0,,,,,
2018-06-08,3.2,3.5,3.2,3.5,2200,7700.0,,,,,
2018-06-11,3.6,3.6,3.6,3.6,100,360.0,,,,,
2018-06-12,4.1,4.1,4.1,4.1,100,410.0,,,,,
2018-06-13,3.5,3.5,3.5,3.5,300,1050.0,,,,,
2018-06-14,3.6,3.6,3.0,3.1,400,1240.0,,,,,
2018-06-15,3.5,3.5,3.5,3.5,100,350.0,,,,,
2018-06-18,3.0,3.0,3.0,3.0,300,900.0,,,,,
2018-06-19,3.3,3.3,3.3,3.3,100,330.0,,,,,
2018-06-20,2.9,2.9,2.9,2.9,100,290.0,,,,,
2018-06-21,2.9,2.9,2.9,2.9,0,0.0,,,,,
2018-06-22,2.6,2.6,2.5,2.6,1800,4680.0,,,,,
2018-06-25,2.3,2.9,2.3,2.9,3200,9280.0,,,,,
2018-06-26,2.5,2.8,2.5,2.8,800,2240.0,,,,,
2018-06-27,2.9,2.9,2.3,2.9,2100,6090.0,,,,,
2018-06-28,3.2,3.2,3.2,3.2,1600,5120.0,,,,,
2018-06-29,3.2,3.2,3.2,3.2,0,0.0,,,,,
2018-07-02,3.2,3.2,3.2,3.2,0,0.0,,,,,
2018-07-03,3.2,3.2,3.2,3.2,0,0.0,,,,,
2018-07-04,3.2,3.2,3.2,3.2,0,0.0,,,,,
2018-07-05,3.2,3.2,3.2,3.2,0,0.0,,,,,
2018-07-06,3.2,3.2,3.2,3.2,0,0.0,,,,,
2018-07-09,3.2,3.2,3.2,3.2,0,0.0,,,,,
2018-07-10,3.2,3.2,3.2,3.2,0,0.0,,,,,
2018-07-11,3.2,3.2,3.2,3.2,0,0.0,,,,,
2018-07-12,3.2,3.2,3.2,3.2,0,0.0,,,,,
2018-07-13,3.2,3.2,3.2,3.2,0,0.0,,,,,
2018-07-16,3.2,3.2,3.2,3.2,0,0.0,,,,,
2018-07-17,3.2,3.2,3.2,3.2,0,0.0,,,,,
2018-07-18,3.6,3.6,3.6,3.6,100,360.0,,,,,
2018-07-19,4.1,4.1,4.1,4.1,100,410.0,,,,,
2018-07-20,4.1,4.1,4.1,4.1,0,0.0,,,,,
2018-07-23,4.1,4.1,4.1,4.1,0,0.0,,,,,
2018-07-24,4.1,4.1,4.1,4.1,0,0.0,,,,,
2018-07-25,4.1,4.1,4.1,4.1,0,0.0,,,,,
2018-07-26,4.1,4.1,4.1,4.1,0,0.0,,,,,
2018-07-27,4.1,4.1,4.1,4.1,0,0.0,,,,,
2018-07-30,4.1,4.1,4.1,4.1,0,0.0,,,,,
2018-07-31,4.1,4.1,4.1,4.1,0,0.0,,,,,
2018-08-01,4.1,4.1,4.1,4.1,0,0.0,,,,,
2018-08-02,4.1,4.1,4.1,4.1,0,0.0,,,,,
2018-08-03,4.1,4.1,4.1,4.1,0,0.0,,,,,
2018-08-06,4.1,4.1,4.1,4.1,0,0.0,,,,,
2018-08-07,4.1,4.1,4.1,4.1,0,0.0,,,,,
2018-08-08,4.1,4.1,4.1,4.1,0,0.0,,,,,
2018-08-09,4.1,4.1,4.1,4.1,0,0.0,,,,,
2018-08-10,4.1,4.1,4.1,4.1,0,0.0,,,,,
2018-08-13,4.1,4.1,4.1,4.1,0,0.0,,,,,
2018-08-14,4.1,4.1,4.1,4.1,0,0.0,,,,,
2018-08-15,4.1,4.1,4.1,4.1,0,0.0,,,,,
2018-08-16,4.1,4.1,4.1,4.1,0,0.0,,,,,
2018-08-17,4.1,4.1,4.1,4.1,0,0.0,,,,,
2018-08-20,4.1,4.1,4.1,4.1,0,0.0,,,,,
2018-08-21,4.1,4.1,4.1,4.1,0,0.0,,,,,
2018-08-22,4.1,4.1,4.1,4.1,0,0.0,,,,,
2018-08-23,4.1,4.1,4.1,4.1,0,0.0,,,,,
2018-08-24,3.5,3.5,3.5,3.5,100,350.0,,,,,
2018-08-27,3.5,3.5,3.5,3.5,0,0.0,,,,,
2018-08-28,3.5,3.5,3.5,3.5,0,0.0,,,,,
2018-08-29,3.5,3.5,3.5,3.5,0,0.0,,,,,
2018-08-30,3.5,3.5,3.5,3.5,0,0.0,,,,,
2018-08-31,3.5,3.5,3.5,3.5,0,0.0,,,,,
2018-09-04,3.5,3.5,3.5,3.5,0,0.0,,,,,
2018-09-05,3.5,3.5,3.5,3.5,0,0.0,,,,,
2018-09-06,3.1,3.1,3.1,3.1,200,620.0,,,,,
2018-09-07,3.1,3.1,3.1,3.1,0,0.0,,,,,
2018-09-10,3.1,3.1,3.1,3.1,0,0.0,,,,,
2018-09-11,3.1,3.1,3.1,3.1,0,0.0,,,,,
2018-09-12,3.1,3.1,3.1,3.1,0,0.0,,,,,
2018-09-13,3.1,3.1,3.1,3.1,0,0.0,,,,,
2018-09-14,3.1,3.1,3.1,3.1,0,0.0,,,,,
2018-09-17,3.1,3.1,3.1,3.1,0,0.0,,,,,
2018-09-18,3.1,3.1,3.1,3.1,0,0.0,,,,,
2018-09-19,3.1,3.1,3.1,3.1,0,0.0,,,,,
2018-09-20,3.1,3.1,3.1,3.1,0,0.0,,,,,
2018-09-21,3.1,3.1,3.1,3.1,0,0.0,,,,,
2018-09-24,3.1,3.1,3.1,3.1,0,0.0,,,,,
2018-09-25,3.1,3.1,3.1,3.1,0,0.0,,,,,
2018-09-26,3.1,3.1,3.1,3.1,0,0.0,,,,,
2018-09-27,3.1,3.1,3.1,3.1,0,0.0,,,,,
2018-09-28,3.1,3.1,3.1,3.1,0,0.0,,,,,
2018-10-01,3.1,3.1,3.1,3.1,0,0.0,,,,,
2018-10-02,3.1,3.1,3.1,3.1,0,0.0,,,,,
2018-10-03,3.1,3.1,3.1,3.1,0,0.0,,,,,
2018-10-04,3.1,3.1,3.1,3.1,0,0.0,,,,,
2018-10-05,3.1,3.1,3.1,3.1,0,0.0,,,,,
2018-10-08,3.1,3.1,3.1,3.1,0,0.0,,,,,
2018-10-09,3.1,3.1,3.1,3.1,0,0.0,,,,,
2018-10-10,2.7,2.7,2.7,2.7,100,270.0,,,,,
2018-10-11,2.7,2.7,2.7,2.7,0,0.0,,,,,
2018-10-12,2.7,2.7,2.7,2.7,0,0.0,,,,,
2018-10-15,2.7,2.7,2.7,2.7,0,0.0,,,,,
2018-10-16,2.7,2.7,2.7,2.7,0,0.0,,,,,
2018-10-17,2.7,2.7,2.7,2.7,0,0.0,,,,,
2018-10-18,2.7,2.7,2.7,2.7,0,0.0,,,,,
2018-10-19,2.7,2.7,2.7,2.7,0,0.0,,,,,
2018-10-22,2.7,2.7,2.7,2.7,0,0.0,,,,,
2018-10-23,2.7,2.7,2.7,2.7,0,0.0,,,,,
2018-10-24,2.7,2.7,2.7,2.7,0,0.0,,,,,
2018-10-25,2.3,2.3,2.3,2.3,500,1150.0,,,,,
2018-10-26,2.3,2.3,2.3,2.3,0,0.0,,,,,
2018-10-29,2.3,2.3,2.3,2.3,0,0.0,,,,,
2018-10-30,2.3,2.3,2.3,2.3,0,0.0,,,,,
2018-10-31,2.3,2.3,2.3,2.3,0,0.0,,,,,
2018-11-01,2.3,2.3,2.3,2.3,0,0.0,,,,,
2018-11-02,2.3,2.3,2.3,2.3,0,0.0,,,,,
2018-11-05,2.3,2.3,2.3,2.3,0,0.0,,,,,
2018-11-06,2.3,2.3,2.3,2.3,0,0.0,,,,,
2018-11-07,2.3,2.3,2.3,2.3,0,0.0,,,,,
2018-11-08,2.3,2.3,2.3,2.3,0,0.0,,,,,
2018-11-09,2.3,2.3,2.3,2.3,0,0.0,,,,,
2018-11-12,2.3,2.3,2.3,2.3,0,0.0,,,,,
2018-11-13,2.3,2.3,2.3,2.3,0,0.0,,,,,
2018-11-14,2.3,2.3,2.3,2.3,0,0.0,,,,,
2018-11-15,2.3,2.3,2.3,2.3,0,0.0,,,,,
2018-11-16,2.3,2.3,2.3,2.3,0,0.0,,,,,
2018-11-19,2.3,2.3,2.3,2.3,0,0.0,,,,,
2018-11-20,2.3,2.3,2.3,2.3,0,0.0,,,,,
2018-11-21,2.3,2.3,2.3,2.3,0,0.0,,,,,
2018-11-22,2.3,2.3,2.3,2.3,0,0.0,,,,,
2018-11-23,2.3,2.3,2.3,2.3,0,0.0,,,,,
2018-11-26,2.3,2.3,2.3,2.3,0,0.0,,,,,
2018-11-27,2.3,2.3,2.3,2.3,0,0.0,,,,,
2018-11-28,2.3,2.3,2.3,2.3,0,0.0,,,,,
2018-11-29,2.3,2.3,2.3,2.3,0,0.0,,,,,
2018-11-30,2.3,2.3,2.3,2.3,0,0.0,,,,,
2018-12-03,2.3,2.3,2.3,2.3,0,0.0,,,,,
2018-12-04,2.3,2.3,2.3,2.3,0,0.0,,,,,
2018-12-05,2.3,2.3,2.3,2.3,0,0.0,,,,,
2018-12-06,2.3,2.3,2.3,2.3,0,0.0,,,,,
2018-12-07,2.3,2.3,2.3,2.3,0,0.0,,,,,
2018-12-10,2.3,2.3,2.3,2.3,0,0.0,,,,,
2018-12-11,2.3,2.3,2.3,2.3,0,0.0,,,,,
2018-12-12,2.8,2.8,2.8,2.8,300,840.0,,,,,
2018-12-13,2.8,2.8,2.8,2.8,0,0.0,,,,,
2018-12-14,2.8,2.8,2.8,2.8,0,0.0,,,,,
2018-12-17,2.8,2.8,2.8,2.8,0,0.0,,,,,
2018-12-18,2.8,2.8,2.8,2.8,0,0.0,,,,,
2018-12-19,2.8,2.8,2.8,2.8,0,0.0,,,,,
2018-12-20,2.8,2.8,2.8,2.8,0,0.0,,,,,
2018-12-21,2.8,2.8,2.8,2.8,0,0.0,,,,,
2018-12-24,2.8,2.8,2.8,2.8,0,0.0,,,,,
2018-12-25,2.8,2.8,2.8,2.8,0,0.0,,,,,
2018-12-26,2.8,2.8,2.8,2.8,0,0.0,,,,,
2018-12-27,2.8,2.8,2.8,2.8,0,0.0,,,,,
2018-12-28,2.8,2.8,2.8,2.8,0,0.0,,,,,
2019-01-02,2.8,2.8,2.8,2.8,0,0.0,,,,,
2019-01-03,2.8,2.8,2.8,2.8,0,0.0,,,,,
2019-01-04,2.8,2.8,2.8,2.8,0,0.0,,,,,
2019-01-07,2.8,2.8,2.8,2.8,0,0.0,,,,,
2019-01-08,2.8,2.8,2.8,2.8,0,0.0,,,,,
2019-01-09,2.8,2.8,2.8,2.8,0,0.0,,,,,
2019-01-10,2.8,2.8,2.8,2.8,0,0.0,,,,,
2019-01-11,2.8,2.8,2.8,2.8,0,0.0,,,,,
2019-01-14,2.8,2.8,2.8,2.8,0,0.0,,,,,
2019-01-15,2.8,2.8,2.8,2.8,0,0.0,,,,,
2019-01-16,2.8,2.8,2.8,2.8,0,0.0,,,,,
2019-01-17,2.8,2.8,2.8,2.8,0,0.0,,,,,
2019-01-18,3.0,3.0,3.0,3.0,200,600.0,,,,,
2019-01-21,3.0,3.0,3.0,3.0,0,0.0,,,,,
2019-01-22,3.0,3.0,3.0,3.0,0,0.0,,,,,
2019-01-23,3.0,3.0,3.0,3.0,0,0.0,,,,,
2019-01-24,3.0,3.0,3.0,3.0,0,0.0,,,,,
2019-01-25,3.0,3.0,3.0,3.0,0,0.0,,,,,
2019-01-28,3.0,3.0,3.0,3.0,0,0.0,,,,,
2019-01-29,3.0,3.0,3.0,3.0,0,0.0,,,,,
2019-01-30,3.0,3.0,3.0,3.0,0,0.0,,,,,
2019-01-31,3.0,3.0,3.0,3.0,0,0.0,,,,,
2019-02-01,3.0,3.0,3.0,3.0,0,0.0,,,,,
2019-02-11,3.0,3.0,3.0,3.0,0,0.0,,,,,
2019-02-12,3.0,3.0,3.0,3.0,0,0.0,,,,,
2019-02-13,3.0,3.0,3.0,3.0,0,0.0,,,,,
2019-02-14,3.0,3.0,3.0,3.0,0,0.0,,,,,
2019-02-15,3.0,3.0,3.0,3.0,0,0.0,,,,,
2019-02-18,3.0,3.0,3.0,3.0,0,0.0,,,,,
2019-02-19,3.0,3.0,3.0,3.0,0,0.0,,,,,
2019-02-20,3.0,3.0,3.0,3.0,0,0.0,,,,,
2019-02-21,3.0,3.0,3.0,3.0,0,0.0,,,,,
2019-02-22,3.0,3.0,3.0,3.0,0,0.0,,,,,
2019-02-25,3.0,3.0,3.0,3.0,0,0.0,,,,,
2019-02-26,3.0,3.0,3.0,3.0,0,0.0,,,,,
2019-02-27,3.0,3.0,3.0,3.0,0,0.0,,,,,
2019-02-28,3.0,3.0,3.0,3.0,0,0.0,,,,,
2019-03-01,3.0,3.0,3.0,3.0,0,0.0,,,,,
2019-03-04,3.0,3.0,3.0,3.0,0,0.0,,,,,
2019-03-05,3.0,3.0,3.0,3.0,0,0.0,,,,,
2019-03-06,3.0,3.0,3.0,3.0,0,0.0,,,,,
2019-03-07,3.0,3.0,3.0,3.0,0,0.0,,,,,
2019-03-08,3.0,3.0,3.0,3.0,0,0.0,,,,,
2019-03-11,3.0,3.0,3.0,3.0,0,0.0,,,,,
2019-03-12,4.2,4.2,4.2,4.2,100,420.0,,,,,
2019-03-13,4.2,4.2,4.2,4.2,0,0.0,,,,,
2019-03-14,4.2,4.2,4.2,4.2,0,0.0,,,,,
2019-03-15,4.2,4.2,4.2,4.2,0,0.0,,,,,
2019-03-18,4.2,4.2,4.2,4.2,0,0.0,,,,,
2019-03-19,4.2,4.2,4.2,4.2,0,0.0,,,,,
2019-03-20,4.2,4.2,4.2,4.2,0,0.0,,,,,
2019-03-21,4.2,4.2,4.2,4.2,0,0.0,,,,,
2019-03-22,4.2,4.2,4.2,4.2,0,0.0,,,,,
2019-03-25,4.2,4.2,4.2,4.2,0,0.0,,,,,
2019-03-26,4.2,4.2,4.2,4.2,0,0.0,,,,,
2019-03-27,4.2,4.2,4.2,4.2,0,0.0,,,,,
2019-03-28,4.2,4.2,4.2,4.2,0,0.0,,,,,
2019-03-29,4.2,4.2,4.2,4.2,0,0.0,,,,,
2019-04-01,4.2,4.2,4.2,4.2,0,0.0,,,,,
2019-04-02,4.2,4.2,4.2,4.2,0,0.0,,,,,
2019-04-03,4.2,4.2,4.2,4.2,0,0.0,,,,,
2019-04-04,4.2,4.2,4.2,4.2,0,0.0,,,,,
2019-04-05,4.2,4.2,4.2,4.2,0,0.0,,,,,
2019-04-08,4.2,4.2,4.2,4.2,0,0.0,,,,,
2019-04-09,4.2,4.2,4.2,4.2,0,0.0,,,,,
2019-04-10,4.2,4.2,4.2,4.2,0,0.0,,,,,
2019-04-11,4.2,4.2,4.2,4.2,0,0.0,,,,,
2019-04-12,4.2,4.2,4.2,4.2,0,0.0,,,,,
2019-04-16,4.2,4.2,4.2,4.2,0,0.0,,,,,
2019-04-17,4.2,4.2,4.2,4.2,0,0.0,,,,,
2019-04-18,4.2,4.2,4.2,4.2,0,0.0,,,,,
2019-04-19,4.2,4.2,4.2,4.2,0,0.0,,,,,
2019-04-22,4.2,4.2,4.2,4.2,0,0.0,,,,,
2019-04-23,4.2,4.2,4.2,4.2,0,0.0,,,,,
2019-04-24,4.2,4.2,4.2,4.2,0,0.0,,,,,
2019-04-25,4.2,4.2,4.2,4.2,0,0.0,,,,,
2019-04-26,4.2,4.2,4.2,4.2,0,0.0,,,,,
2019-05-02,4.2,4.2,4.2,4.2,0,0.0,,,,,
2019-05-03,4.2,4.2,4.2,4.2,0,0.0,,,,,
2019-05-06,4.2,4.2,4.2,4.2,0,0.0,,,,,
2019-05-07,4.2,4.2,4.2,4.2,0,0.0,,,,,
2019-05-08,4.2,4.2,4.2,4.2,0,0.0,,,,,
2019-05-09,4.2,4.2,4.2,4.2,0,0.0,,,,,
2019-05-10,4.2,4.2,4.2,4.2,0,0.0,,,,,
2019-05-13,4.2,4.2,4.2,4.2,0,0.0,,,,,
2019-05-14,4.2,4.2,4.2,4.2,0,0.0,,,,,
2019-05-15,4.2,4.2,4.2,4.2,0,0.0,,,,,
2019-05-16,4.2,4.2,4.2,4.2,0,0.0,,,,,
2019-05-17,4.2,4.2,4.2,4.2,0,0.0,,,,,
2019-05-20,4.2,4.2,4.2,4.2,0,0.0,,,,,
2019-05-21,4.2,4.2,4.2,4.2,0,0.0,,,,,
2019-05-22,4.2,4.2,4.2,4.2,0,0.0,,,,,
2019-05-23,4.2,4.2,4.2,4.2,0,0.0,,,,,
2019-05-24,4.2,4.2,4.2,4.2,0,0.0,,,,,
2019-05-27,4.2,4.2,4.2,4.2,0,0.0,,,,,
2019-05-28,4.2,4.2,4.2,4.2,0,0.0,,,,,
2019-05-29,4.2,4.2,4.2,4.2,0,0.0,,,,,
2019-05-30,4.2,4.2,4.2,4.2,0,0.0,,,,,
2019-05-31,4.2,4.2,4.2,4.2,0,0.0,,,,,
2019-06-03,4.2,4.2,4.2,4.2,0,0.0,,,,,
2019-06-04,4.2,4.2,4.2,4.2,0,0.0,,,,,
2019-06-05,4.2,4.2,4.2,4.2,0,0.0,,,,,
2019-06-06,4.2,4.2,4.2,4.2,0,0.0,,,,,
2019-06-07,4.2,4.2,4.2,4.2,0,0.0,,,,,
2019-06-10,4.2,4.2,4.2,4.2,0,0.0,,,,,
2019-06-11,4.2,4.2,4.2,4.2,0,0.0,,,,,
2019-06-12,4.2,4.2,4.2,4.2,0,0.0,,,,,
2019-06-13,4.2,4.2,4.2,4.2,0,0.0,,,,,
2019-06-14,4.2,4.2,4.2,4.2,0,0.0,,,,,
2019-06-17,4.2,4.2,4.2,4.2,0,0.0,,,,,
2019-06-18,4.2,4.2,4.2,4.2,0,0.0,,,,,
2019-06-19,4.2,4.2,4.2,4.2,0,0.0,,,,,
2019-06-20,4.2,4.2,4.2,4.2,0,0.0,,,,,
2019-06-21,4.2,4.2,4.2,4.2,0,0.0,,,,,
2019-06-24,4.2,4.2,4.2,4.2,0,0.0,,,,,
2019-06-25,4.2,4.2,4.2,4.2,0,0.0,,,,,
2019-06-26,4.2,4.2,4.2,4.2,0,0.0,,,,,
2019-06-27,4.2,4.2,4.2,4.2,0,0.0,,,,,
2019-06-28,4.2,4.2,4.2,4.2,0,0.0,,,,,
2019-07-01,4.2,4.2,4.2,4.2,0,0.0,,,,,
2019-07-02,4.2,4.2,4.2,4.2,0,0.0,,,,,
2019-07-03,4.2,4.2,4.2,4.2,0,0.0,,,,,
2019-07-04,4.2,4.2,4.2,4.2,0,0.0,,,,,
2019-07-05,4.2,4.2,4.2,4.2,0,0.0,,,,,
2019-07-08,4.2,4.2,4.2,4.2,0,0.0,,,,,
2019-07-09,4.2,4.2,4.2,4.2,0,0.0,,,,,
2019-07-10,4.2,4.2,4.2,4.2,0,0.0,,,,,
2019-07-11,4.2,4.2,4.2,4.2,0,0.0,,,,,
2019-07-12,4.2,4.2,4.2,4.2,0,0.0,,,,,
2019-07-15,4.2,4.2,4.2,4.2,0,0.0,,,,,
2019-07-16,4.2,4.2,4.2,4.2,0,0.0,,,,,
2019-07-17,4.2,4.2,4.2,4.2,0,0.0,,,,,
2019-07-18,4.2,4.2,4.2,4.2,0,0.0,,,,,
2019-07-19,4.2,4.2,4.2,4.2,0,0.0,,,,,
2019-07-22,4.2,4.2,4.2,4.2,0,0.0,,,,,
2019-07-23,4.2,4.2,4.2,4.2,0,0.0,,,,,
2019-07-24,4.2,4.2,4.2,4.2,0,0.0,,,,,
2019-07-25,4.2,4.2,4.2,4.2,0,0.0,,,,,
2019-07-26,4.2,4.2,4.2,4.2,0,0.0,,,,,
2019-07-29,4.2,4.2,4.2,4.2,0,0.0,,,,,
2019-07-30,4.2,4.2,4.2,4.2,0,0.0,,,,,
2019-07-31,4.2,4.2,4.2,4.2,0,0.0,,,,,
2019-08-01,4.9,4.9,4.9,4.9,1100,5390.0,,,,,
2019-08-02,4.9,4.9,4.9,4.9,0,0.0,,,,,
2019-08-05,4.9,4.9,4.9,4.9,0,0.0,,,,,
2019-08-06,4.9,4.9,4.9,4.9,0,0.0,,,,,
2019-08-07,4.9,4.9,4.9,4.9,0,0.0,,,,,
2019-08-08,4.9,4.9,4.9,4.9,0,0.0,,,,,
2019-08-09,4.9,4.9,4.9,4.9,0,0.0,,,,,
2019-08-12,4.9,4.9,4.9,4.9,0,0.0,,,,,
2019-08-13,4.9,4.9,4.9,4.9,0,0.0,,,,,
2019-08-14,4.9,4.9,4.9,4.9,0,0.0,,,,,
2019-08-15,4.9,4.9,4.9,4.9,0,0.0,,,,,
2019-08-16,4.9,4.9,4.9,4.9,0,0.0,,,,,
2019-08-19,4.9,4.9,4.9,4.9,0,0.0,,,,,
2019-08-20,4.9,4.9,4.9,4.9,0,0.0,,,,,
2019-08-21,4.9,4.9,4.9,4.9,0,0.0,,,,,
2019-08-22,4.9,4.9,4.9,4.9,0,0.0,,,,,
2019-08-23,4.9,4.9,4.9,4.9,0,0.0,,,,,
2019-08-26,4.9,4.9,4.9,4.9,0,0.0,,,,,
2019-08-27,4.9,4.9,4.9,4.9,0,0.0,,,,,
2019-08-28,4.9,4.9,4.9,4.9,0,0.0,,,,,
2019-08-29,4.9,4.9,4.9,4.9,0,0.0,,,,,
2019-08-30,4.9,4.9,4.9,4.9,0,0.0,,,,,
2019-09-03,4.9,4.9,4.9,4.9,18,88.2,,,,,
2019-09-04,4.9,4.9,4.9,4.9,0,0.0,,,,,
2019-09-05,4.9,4.9,4.9,4.9,0,0.0,,,,,
2019-09-06,4.9,4.9,4.9,4.9,0,0.0,,,,,
2019-09-09,4.9,4.9,4.9,4.9,0,0.0,,,,,
2019-09-10,4.9,4.9,4.9,4.9,0,0.0,,,,,
2019-09-11,4.9,4.9,4.9,4.9,0,0.0,,,,,
2019-09-12,4.9,4.9,4.9,4.9,0,0.0,,,,,
2019-09-13,4.9,4.9,4.9,4.9,0,0.0,,,,,
2019-09-16,4.9,4.9,4.9,4.9,0,0.0,,,,,
2019-09-17,4.9,4.9,4.9,4.9,0,0.0,,,,,
2019-09-18,4.9,4.9,4.9,4.9,0,0.0,,,,,
2019-09-19,4.9,4.9,4.9,4.9,0,0.0,,,,,
2019-09-20,4.9,4.9,4.9,4.9,0,0.0,,,,,
2019-09-23,4.9,4.9,4.9,4.9,0,0.0,,,,,
2019-09-24,4.9,4.9,4.9,4.9,0,0.0,,,,,
2019-09-25,4.9,4.9,4.9,4.9,0,0.0,,,,,
2019-09-26,3.0,3.0,3.0,3.0,200,600.0,,,,,
2019-09-27,2.6,2.6,2.6,2.6,200,520.0,,,,,
2019-09-30,2.6,2.6,2.6,2.6,0,0.0,,,,,
2019-10-01,2.6,2.6,2.6,2.6,0,0.0,,,,,
2019-10-02,2.6,2.6,2.6,2.6,0,0.0,,,,,
2019-10-03,2.6,2.6,2.6,2.6,0,0.0,,,,,
2019-10-04,2.6,2.6,2.6,2.6,0,0.0,,,,,
2019-10-07,2.6,2.6,2.6,2.6,0,0.0,,,,,
2019-10-08,2.6,2.6,2.6,2.6,0,0.0,,,,,
2019-10-09,2.9,2.9,2.9,2.9,100,290.0,,,,,
2019-10-10,3.3,3.3,3.3,3.3,100,330.0,,,,,
2019-10-11,3.3,3.3,3.3,3.3,0,0.0,,,,,
2019-10-14,3.3,3.3,3.3,3.3,0,0.0,,,,,
2019-10-15,3.3,3.3,3.3,3.3,0,0.0,,,,,
2019-10-16,3.3,3.3,3.3,3.3,0,0.0,,,,,
2019-10-17,3.7,3.7,3.7,3.7,100,370.0,,,,,
2019-10-18,3.7,3.7,3.7,3.7,0,0.0,,,,,
2019-10-21,3.7,3.7,3.7,3.7,0,0.0,,,,,
2019-10-22,3.7,3.7,3.7,3.7,0,0.0,,,,,
2019-10-23,3.7,3.7,3.7,3.7,0,0.0,,,,,
2019-10-24,3.7,3.7,3.7,3.7,0,0.0,,,,,
2019-10-25,3.7,3.7,3.7,3.7,0,0.0,,,,,
2019-10-28,3.7,3.7,3.7,3.7,0,0.0,,,,,
2019-10-29,3.7,3.7,3.7,3.7,0,0.0,,,,,
2019-10-30,3.7,3.7,3.7,3.7,0,0.0,,,,,
2019-10-31,3.7,3.7,3.7,3.7,0,0.0,,,,,
2019-11-01,3.7,3.7,3.2,3.2,1090,3488.0,,,,,
2019-11-04,3.3,3.3,3.3,3.3,0,0.0,,,,,
2019-11-05,3.3,3.3,3.3,3.3,0,0.0,,,,,
2019-11-06,3.3,3.3,3.3,3.3,0,0.0,,,,,
2019-11-07,3.3,3.3,3.3,3.3,0,0.0,,,,,
2019-11-08,3.3,3.3,3.3,3.3,0,0.0,,,,,
2019-11-11,3.3,3.3,3.3,3.3,0,0.0,,,,,
2019-11-12,3.3,3.3,3.3,3.3,0,0.0,,,,,
2019-11-13,3.3,3.3,3.3,3.3,0,0.0,,,,,
2019-11-14,3.3,3.3,3.3,3.3,0,0.0,,,,,
2019-11-15,3.3,3.3,3.3,3.3,0,0.0,,,,,
2019-11-18,3.3,3.3,3.3,3.3,0,0.0,,,,,
2019-11-19,3.3,3.3,3.3,3.3,0,0.0,,,,,
2019-11-20,3.3,3.3,3.3,3.3,0,0.0,,,,,
2019-11-21,3.3,3.3,3.3,3.3,0,0.0,,,,,
2019-11-22,3.3,3.3,3.3,3.3,0,0.0,,,,,
2019-11-25,3.3,3.3,3.3,3.3,0,0.0,,,,,
2019-11-26,3.3,3.3,3.3,3.3,0,0.0,,,,,
2019-11-27,3.3,3.3,3.3,3.3,0,0.0,,,,,
2019-11-28,3.3,3.3,3.3,3.3,0,0.0,,,,,
2019-11-29,3.3,3.3,3.3,3.3,0,0.0,,,,,
2019-12-02,3.3,3.3,3.3,3.3,0,0.0,,,,,
2019-12-03,3.3,3.3,3.3,3.3,0,0.0,,,,,
2019-12-04,3.3,3.3,3.3,3.3,0,0.0,,,,,
2019-12-05,3.3,3.3,3.3,3.3,0,0.0,,,,,
2019-12-06,3.3,3.3,3.3,3.3,0,0.0,,,,,
2019-12-09,3.3,3.3,3.3,3.3,0,0.0,,,,,
2019-12-10,3.3,3.3,3.3,3.3,0,0.0,,,,,
2019-12-11,3.3,3.3,3.3,3.3,0,0.0,,,,,
2019-12-12,3.3,3.3,3.3,3.3,0,0.0,,,,,
2019-12-13,3.3,3.3,3.3,3.3,0,0.0,,,,,
2019-12-16,3.3,3.3,3.3,3.3,0,0.0,,,,,
2019-12-17,3.3,3.3,3.3,3.3,0,0.0,,,,,
2019-12-18,3.3,3.3,3.3,3.3,0,0.0,,,,,
2019-12-19,3.3,3.3,3.3,3.3,0,0.0,,,,,
2019-12-20,3.3,3.3,3.3,3.3,0,0.0,,,,,
2019-12-23,3.3,3.3,3.3,3.3,0,0.0,,,,,
2019-12-24,3.3,3.3,3.3,3.3,0,0.0,,,,,
2019-12-25,3.3,3.3,3.3,3.3,0,0.0,,,,,
2019-12-26,3.3,3.3,3.3,3.3,0,0.0,,,,,
2019-12-27,3.3,3.3,3.3,3.3,0,0.0,,,,,
2019-12-30,3.3,3.3,3.3,3.3,0,0.0,,,,,
2019-12-31,3.3,3.3,3.3,3.3,0,0.0,,,,,
2020-01-02,3.3,3.3,3.3,3.3,0,0.0,,,,,
2020-01-03,3.3,3.3,3.3,3.3,0,0.0,,,,,
2020-01-06,3.3,3.3,3.3,3.3,0,0.0,,,,,
2020-01-07,3.3,3.3,3.3,3.3,0,0.0,,,,,
2020-01-08,3.3,3.3,3.3,3.3,0,0.0,,,,,
2020-01-09,3.3,3.3,3.3,3.3,0,0.0,,,,,
2020-01-10,3.3,3.3,3.3,3.3,0,0.0,,,,,
2020-01-13,3.3,3.3,3.3,3.3,0,0.0,,,,,
2020-01-14,3.3,3.3,3.3,3.3,0,0.0,,,,,
2020-01-15,3.3,3.3,3.3,3.3,0,0.0,,,,,
2020-01-16,3.3,3.3,3.3,3.3,0,0.0,,,,,
2020-01-17,3.3,3.3,3.3,3.3,0,0.0,,,,,
2020-01-20,3.3,3.3,3.3,3.3,0,0.0,,,,,
2020-01-21,3.3,3.3,3.3,3.3,0,0.0,,,,,
2020-01-22,3.3,3.3,3.3,3.3,0,0.0,,,,,
2020-01-30,3.3,3.3,3.3,3.3,0,0.0,,,,,
2020-01-31,3.3,3.3,3.3,3.3,0,0.0,,,,,
2020-02-03,3.3,3.3,3.3,3.3,0,0.0,,,,,
2020-02-04,3.3,3.3,3.3,3.3,0,0.0,,,,,
2020-02-05,3.3,3.3,3.3,3.3,0,0.0,,,,,
2020-02-06,3.3,3.3,3.3,3.3,0,0.0,,,,,
2020-02-07,3.3,3.3,3.3,3.3,0,0.0,,,,,
2020-02-10,3.3,3.3,3.3,3.3,0,0.0,,,,,
2020-02-11,3.3,3.3,3.3,3.3,0,0.0,,,,,
2020-02-12,3.3,3.3,3.3,3.3,0,0.0,,,,,
2020-02-13,3.3,3.3,3.3,3.3,0,0.0,,,,,
2020-02-14,3.3,3.3,3.3,3.3,0,0.0,,,,,
2020-02-17,3.3,3.3,3.3,3.3,0,0.0,,,,,
2020-02-18,3.3,3.3,3.3,3.3,1000,3300.0,,,,,
2020-02-19,3.3,3.3,3.3,3.3,0,0.0,,,,,
2020-02-20,3.3,3.3,3.3,3.3,0,0.0,,,,,
2020-02-21,3.3,3.3,3.3,3.3,0,0.0,,,,,
2020-02-24,3.3,3.3,3.3,3.3,0,0.0,,,,,
2020-02-25,3.3,3.3,3.3,3.3,0,0.0,,,,,
2020-02-26,3.3,3.3,3.3,3.3,0,0.0,,,,,
2020-02-27,3.3,3.3,3.3,3.3,0,0.0,,,,,
2020-02-28,3.3,3.3,3.3,3.3,0,0.0,,,,,
2020-03-02,3.3,3.3,3.3,3.3,0,0.0,,,,,
2020-03-03,3.3,3.3,3.3,3.3,0,0.0,,,,,
2020-03-04,3.3,3.3,3.3,3.3,0,0.0,,,,,
2020-03-05,3.3,3.3,3.3,3.3,0,0.0,,,,,
2020-03-06,3.3,3.3,3.3,3.3,0,0.0,,,,,
2020-03-09,3.3,3.3,3.3,3.3,0,0.0,,,,,
2020-03-10,3.3,3.3,3.3,3.3,0,0.0,,,,,
2020-03-11,3.3,3.3,3.3,3.3,0,0.0,,,,,
2020-03-12,3.3,3.3,3.3,3.3,0,0.0,,,,,
2020-03-13,3.3,3.3,3.3,3.3,0,0.0,,,,,
2020-03-16,3.3,3.3,3.3,3.3,0,0.0,,,,,
2020-03-17,3.3,3.3,3.3,3.3,0,0.0,,,,,
2020-03-18,2.9,2.9,2.9,2.9,100,290.0,,,,,
2020-03-19,2.9,2.9,2.9,2.9,0,0.0,,,,,
2020-03-20,2.9,2.9,2.9,2.9,0,0.0,,,,,
2020-03-23,2.9,2.9,2.9,2.9,0,0.0,,,,,
2020-03-24,2.9,2.9,2.9,2.9,0,0.0,,,,,
2020-03-25,2.9,2.9,2.9,2.9,0,0.0,,,,,
2020-03-26,2.9,2.9,2.9,2.9,0,0.0,,,,,
2020-03-27,2.9,2.9,2.9,2.9,0,0.0,,,,,
2020-03-30,3.3,3.3,3.3,3.3,400,1320.0,,,,,
2020-03-31,3.3,3.3,3.3,3.3,0,0.0,,,,,
2020-04-01,3.3,3.3,3.3,3.3,0,0.0,,,,,
2020-04-03,2.9,2.9,2.9,2.9,100,290.0,,,,,
2020-04-06,2.9,2.9,2.9,2.9,0,0.0,,,,,
2020-04-07,2.9,2.9,2.9,2.9,0,0.0,,,,,
2020-04-08,2.9,2.9,2.9,2.9,0,0.0,,,,,
2020-04-09,2.9,2.9,2.9,2.9,0,0.0,,,,,
2020-04-10,2.9,2.9,2.9,2.9,0,0.0,,,,,
2020-04-13,2.9,2.9,2.9,2.9,0,0.0,,,,,
2020-04-14,2.9,2.9,2.9,2.9,0,0.0,,,,,
2020-04-15,2.9,2.9,2.9,2.9,0,0.0,,,,,
2020-04-16,2.9,2.9,2.9,2.9,0,0.0,,,,,
2020-04-17,2.9,2.9,2.9,2.9,0,0.0,,,,,
2020-04-20,2.9,2.9,2.9,2.9,0,0.0,,,,,
2020-04-21,2.9,2.9,2.9,2.9,0,0.0,,,,,
2020-04-22,2.9,2.9,2.9,2.9,0,0.0,,,,,
2020-04-23,2.9,2.9,2.9,2.9,0,0.0,,,,,
2020-04-24,2.9,2.9,2.9,2.9,0,0.0,,,,,
2020-04-27,2.9,2.9,2.9,2.9,0,0.0,,,,,
2020-04-28,2.9,2.9,2.9,2.9,0,0.0,,,,,
2020-04-29,2.9,2.9,2.9,2.9,100,290.0,,,,,
2020-05-04,2.5,2.5,2.5,2.5,100,250.0,,,,,
2020-05-05,2.5,2.5,2.5,2.5,0,0.0,,,,,
2020-05-06,2.5,2.5,2.5,2.5,0,0.0,,,,,
2020-05-07,2.2,2.2,2.2,2.2,100,220.00000000000003,,,,,
2020-05-08,2.2,2.2,2.2,2.2,0,0.0,,,,,
2020-05-11,2.2,2.2,2.2,2.2,0,0.0,,,,,
2020-05-12,2.2,2.2,2.2,2.2,0,0.0,,,,,
2020-05-13,2.5,2.5,2.5,2.5,500,1250.0,,,,,
2020-05-14,2.5,2.5,2.5,2.5,0,0.0,,,,,
2020-05-15,2.5,2.5,2.5,2.5,0,0.0,,,,,
2020-05-18,2.5,2.5,2.5,2.5,0,0.0,,,,,
2020-05-19,2.5,2.5,2.5,2.5,0,0.0,,,,,
2020-05-20,2.5,2.5,2.5,2.5,0,0.0,,,,,
2020-05-21,2.5,2.5,2.5,2.5,0,0.0,,,,,
2020-05-22,2.5,2.5,2.5,2.5,0,0.0,,,,,
2020-05-25,2.5,2.5,2.5,2.5,0,0.0,,,,,
2020-05-26,2.5,2.5,2.5,2.5,0,0.0,,,,,
2020-05-27,2.5,2.5,2.5,2.5,0,0.0,,,,,
2020-05-28,2.5,2.5,2.5,2.5,0,0.0,,,,,
2020-05-29,2.5,2.5,2.5,2.5,0,0.0,,,,,
2020-06-01,2.5,2.5,2.5,2.5,0,0.0,,,,,
2020-06-02,2.5,2.5,2.5,2.5,0,0.0,,,,,
2020-06-03,2.5,2.5,2.5,2.5,0,0.0,,,,,
2020-06-04,2.5,2.5,2.5,2.5,0,0.0,,,,,
2020-06-05,2.5,2.5,2.5,2.5,0,0.0,,,,,
2020-06-08,2.5,2.5,2.5,2.5,0,0.0,,,,,
2020-06-09,2.5,2.5,2.5,2.5,0,0.0,,,,,
2020-06-10,2.5,2.5,2.5,2.5,0,0.0,,,,,
2020-06-11,2.7,2.8,2.7,2.8,300,840.0,,,,,
2020-06-12,3.1,3.1,3.1,3.1,700,2170.0,,,,,
2020-06-15,3.1,3.1,3.1,3.1,1000,3100.0,,,,,
2020-06-16,3.1,3.1,3.1,3.1,0,0.0,,,,,
2020-06-17,3.1,3.1,3.1,3.1,0,0.0,,,,,
2020-06-18,3.1,3.1,3.1,3.1,0,0.0,,,,,
2020-06-19,3.1,3.1,3.1,3.1,0,0.0,,,,,
2020-06-22,3.1,3.1,3.1,3.1,0,0.0,,,,,
2020-06-23,3.1,3.1,3.1,3.1,0,0.0,,,,,
2020-06-24,3.1,3.1,3.1,3.1,0,0.0,,,,,
2020-06-25,3.1,3.1,3.1,3.1,0,0.0,,,,,
2020-06-26,3.1,3.1,3.1,3.1,0,0.0,,,,,
2020-06-29,3.1,3.1,3.1,3.1,0,0.0,,,,,
2020-06-30,3.1,3.1,3.1,3.1,0,0.0,,,,,
2020-07-01,3.1,3.1,3.1,3.1,0,0.0,,,,,
2020-07-02,3.1,3.1,3.1,3.1,0,0.0,,,,,
2020-07-03,3.1,3.1,3.1,3.1,0,0.0,,,,,
2020-07-06,3.1,3.1,3.1,3.1,0,0.0,,,,,
2020-07-07,3.1,3.1,3.1,3.1,0,0.0,,,,,
2020-07-08,3.1,3.1,3.1,3.1,0,0.0,,,,,
2020-07-09,3.1,3.1,3.1,3.1,0,0.0,,,,,
2020-07-10,3.1,3.1,3.1,3.1,0,0.0,,,,,
2020-07-13,3.1,3.1,3.1,3.1,0,0.0,,,,,
2020-07-14,3.1,3.1,3.1,3.1,0,0.0,,,,,
2020-07-15,3.1,3.1,3.1,3.1,0,0.0,,,,,
2020-07-16,3.1,3.1,3.1,3.1,0,0.0,,,,,
2020-07-17,3.1,3.1,3.1,3.1,0,0.0,,,,,
2020-07-20,3.1,3.1,3.1,3.1,0,0.0,,,,,
2020-07-21,3.1,3.1,3.1,3.1,0,0.0,,,,,
2020-07-22,3.1,3.1,3.1,3.1,0,0.0,,,,,
2020-07-23,3.1,3.1,3.1,3.1,0,0.0,,,,,
2020-07-24,3.1,3.1,3.1,3.1,0,0.0,,,,,
2020-07-27,3.1,3.1,3.1,3.1,0,0.0,,,,,
2020-07-28,3.1,3.1,3.1,3.1,0,0.0,,,,,
2020-07-29,3.1,3.1,3.1,3.1,0,0.0,,,,,
2020-07-30,3.1,3.1,3.1,3.1,0,0.0,,,,,
2020-07-31,3.1,3.1,3.1,3.1,0,0.0,,,,,
2020-08-03,3.1,3.1,3.1,3.1,0,0.0,,,,,
2020-08-04,3.1,3.1,3.1,3.1,0,0.0,,,,,
2020-08-05,3.1,3.1,3.1,3.1,0,0.0,,,,,
2020-08-06,3.1,3.1,3.1,3.1,0,0.0,,,,,
2020-08-07,3.1,3.1,3.1,3.1,0,0.0,,,,,
2020-08-10,3.1,3.1,3.1,3.1,0,0.0,,,,,
2020-08-11,3.1,3.1,3.1,3.1,0,0.0,,,,,
2020-08-12,3.1,3.1,3.1,3.1,0,0.0,,,,,
2020-08-13,3.1,3.1,3.1,3.1,0,0.0,,,,,
2020-08-14,3.1,3.1,3.1,3.1,0,0.0,,,,,
2020-08-17,3.1,3.1,3.1,3.1,0,0.0,,,,,
2020-08-18,3.1,3.1,3.1,3.1,0,0.0,,,,,
2020-08-19,3.1,3.1,3.1,3.1,0,0.0,,,,,
2020-08-20,3.1,3.1,3.1,3.1,0,0.0,,,,,
2020-08-21,3.1,3.1,3.1,3.1,0,0.0,,,,,
2020-08-24,3.1,3.1,3.1,3.1,0,0.0,,,,,
2020-08-25,3.1,3.1,3.1,3.1,0,0.0,,,,,
2020-08-26,3.1,3.1,3.1,3.1,0,0.0,,,,,
2020-08-27,3.1,3.1,3.1,3.1,0,0.0,,,,,
2020-08-28,3.1,3.1,3.1,3.1,0,0.0,,,,,
2020-08-31,3.1,3.1,3.1,3.1,0,0.0,,,,,
2020-09-01,3.1,3.1,3.1,3.1,0,0.0,,,,,
2020-09-03,3.1,3.1,3.1,3.1,0,0.0,,,,,
2020-09-04,3.1,3.1,3.1,3.1,0,0.0,,,,,
2020-09-07,3.1,3.1,3.1,3.1,0,0.0,,,,,
2020-09-08,3.1,3.1,3.1,3.1,0,0.0,,,,,
2020-09-09,3.1,3.1,3.1,3.1,0,0.0,,,,,
2020-09-10,3.1,3.1,3.1,3.1,0,0.0,,,,,
2020-09-11,3.1,3.1,3.1,3.1,100,310.0,,,,,
2020-09-14,3.1,3.1,3.1,3.1,0,0.0,,,,,
2020-09-15,3.1,3.1,3.1,3.1,0,0.0,,,,,
2020-09-16,3.1,3.1,3.1,3.1,0,0.0,,,,,
2020-09-17,3.1,3.1,3.1,3.1,0,0.0,,,,,
2020-09-18,3.1,3.1,3.1,3.1,0,0.0,,,,,
2020-09-21,3.1,3.1,3.1,3.1,0,0.0,,,,,
2020-09-22,3.1,3.1,3.1,3.1,0,0.0,,,,,
2020-09-23,3.0,3.0,3.0,3.0,1000,3000.0,,,,,
2020-09-24,3.0,3.0,3.0,3.0,0,0.0,,,,,
2020-09-25,3.0,3.0,3.0,3.0,0,0.0,,,,,
2020-09-28,3.0,3.0,3.0,3.0,0,0.0,,,,,
2020-09-29,3.0,3.0,3.0,3.0,0,0.0,,,,,
2020-09-30,3.0,3.0,3.0,3.0,0,0.0,,,,,
2020-10-01,3.0,3.0,3.0,3.0,0,0.0,,,,,
2020-10-02,3.0,3.0,3.0,3.0,0,0.0,,,,,
2020-10-05,3.0,3.0,3.0,3.0,0,0.0,,,,,
2020-10-06,3.0,3.0,3.0,3.0,100,300.0,,,,,
2020-10-07,3.0,3.0,3.0,3.0,0,0.0,,,,,
2020-10-08,3.0,3.0,3.0,3.0,0,0.0,,,,,
2020-10-09,3.0,3.0,3.0,3.0,0,0.0,,,,,
2020-10-12,3.0,3.0,3.0,3.0,0,0.0,,,,,
2020-10-13,3.0,3.0,3.0,3.0,0,0.0,,,,,
2020-10-14,3.0,3.0,3.0,3.0,0,0.0,,,,,
2020-10-15,3.0,3.0,3.0,3.0,0,0.0,,,,,
2020-10-16,3.0,3.0,3.0,3.0,0,0.0,,,,,
2020-10-19,3.0,3.0,3.0,3.0,0,0.0,,,,,
2020-10-20,3.0,3.0,3.0,3.0,0,0.0,,,,,
2020-10-21,3.0,3.0,3.0,3.0,0,0.0,,,,,
2020-10-22,3.0,3.0,3.0,3.0,0,0.0,,,,,
2020-10-23,3.0,3.0,3.0,3.0,0,0.0,,,,,
2020-10-26,2.6,2.6,2.6,2.6,1000,2600.0,,,,,
2020-10-27,2.6,2.6,2.6,2.6,0,0.0,,,,,
2020-10-28,2.6,2.6,2.6,2.6,0,0.0,,,,,
2020-10-29,2.6,2.6,2.6,2.6,0,0.0,,,,,
2020-10-30,2.6,2.6,2.6,2.6,0,0.0,,,,,
2020-11-02,2.6,2.6,2.6,2.6,0,0.0,,,,,
2020-11-03,2.6,2.6,2.6,2.6,0,0.0,,,,,
2020-11-04,2.6,2.6,2.6,2.6,0,0.0,,,,,
2020-11-05,2.6,2.6,2.6,2.6,0,0.0,,,,,
2020-11-06,2.6,2.6,2.6,2.6,0,0.0,,,,,
2020-11-09,2.6,2.6,2.6,2.6,0,0.0,,,,,
2020-11-10,2.6,2.6,2.6,2.6,0,0.0,,,,,
2020-11-11,2.6,2.6,2.6,2.6,0,0.0,,,,,
2020-11-12,2.6,2.6,2.6,2.6,0,0.0,,,,,
2020-11-13,2.6,2.6,2.6,2.6,0,0.0,,,,,
2020-11-16,2.6,2.6,2.6,2.6,0,0.0,,,,,
2020-11-17,2.6,2.6,2.6,2.6,0,0.0,,,,,
2020-11-18,2.6,2.6,2.6,2.6,0,0.0,,,,,
2020-11-19,2.6,2.6,2.6,2.6,0,0.0,,,,,
2020-11-20,2.6,2.6,2.6,2.6,0,0.0,,,,,
2020-11-23,2.6,2.6,2.6,2.6,0,0.0,,,,,
2020-11-24,2.6,2.6,2.6,2.6,0,0.0,,,,,
2020-11-25,2.6,2.6,2.6,2.6,0,0.0,,,,,
2020-11-26,2.6,2.6,2.6,2.6,0,0.0,,,,,
2020-11-27,2.6,2.6,2.6,2.6,0,0.0,,,,,
2020-11-30,2.6,2.6,2.6,2.6,0,0.0,,,,,
2020-12-01,2.6,2.6,2.6,2.6,0,0.0,,,,,
2020-12-02,2.6,2.6,2.6,2.6,0,0.0,,,,,
2020-12-03,2.6,2.6,2.6,2.6,0,0.0,,,,,
2020-12-04,2.6,2.6,2.6,2.6,0,0.0,,,,,
2020-12-07,2.6,2.6,2.6,2.6,0,0.0,,,,,
2020-12-08,2.6,2.6,2.6,2.6,0,0.0,,,,,
2020-12-09,2.6,2.6,2.6,2.6,0,0.0,,,,,
2020-12-10,2.6,2.6,2.6,2.6,0,0.0,,,,,
2020-12-11,2.6,2.6,2.6,2.6,0,0.0,,,,,
2020-12-14,2.6,2.6,2.6,2.6,0,0.0,,,,,
2020-12-15,2.6,2.6,2.6,2.6,0,0.0,,,,,
2020-12-16,2.6,2.6,2.6,2.6,0,0.0,,,,,
2020-12-17,2.6,2.6,2.6,2.6,0,0.0,,,,,
2020-12-18,2.6,2.6,2.6,2.6,0,0.0,,,,,
2020-12-21,2.6,2.6,2.6,2.6,0,0.0,,,,,
2020-12-22,2.6,2.6,2.6,2.6,0,0.0,,,,,
2020-12-23,2.6,2.6,2.6,2.6,0,0.0,,,,,
2020-12-24,2.6,2.6,2.6,2.6,0,0.0,,,,,
2020-12-25,2.6,2.6,2.6,2.6,0,0.0,,,,,
2020-12-28,2.6,2.6,2.6,2.6,0,0.0,,,,,
2020-12-29,2.6,2.6,2.6,2.6,1000,2600.0,,,,,
2020-12-30,2.6,2.6,2.6,2.6,0,0.0,,,,,
2020-12-31,2.6,2.6,2.6,2.6,0,0.0,,,,,
2021-01-04,2.6,2.6,2.6,2.6,0,0.0,,,,,
2021-01-05,2.6,2.6,2.6,2.6,0,0.0,,,,,
2021-01-06,2.6,2.6,2.6,2.6,0,0.0,,,,,
2021-01-07,2.6,2.6,2.6,2.6,0,0.0,,,,,
2021-01-08,2.6,2.6,2.6,2.6,0,0.0,,,,,
2021-01-11,2.6,2.6,2.6,2.6,0,0.0,,,,,
2021-01-12,2.6,2.6,2.6,2.6,0,0.0,,,,,
2021-01-13,2.6,2.6,2.6,2.6,0,0.0,,,,,
2021-01-14,2.6,2.6,2.6,2.6,0,0.0,,,,,
2021-01-15,2.6,2.6,2.6,2.6,0,0.0,,,,,
2021-01-18,2.6,2.6,2.6,2.6,0,0.0,,,,,
2021-01-19,2.6,2.6,2.6,2.6,0,0.0,,,,,
2021-01-20,2.6,2.6,2.6,2.6,0,0.0,,,,,
2021-01-21,2.6,2.6,2.6,2.6,0,0.0,,,,,
2021-01-22,2.6,2.6,2.6,2.6,0,0.0,,,,,
2021-01-25,2.6,2.6,2.6,2.6,0,0.0,,,,,
2021-01-26,2.6,2.6,2.6,2.6,0,0.0,,,,,
2021-01-27,2.6,2.6,2.6,2.6,0,0.0,,,,,
2021-01-28,2.6,2.6,2.6,2.6,0,0.0,,,,,
2021-01-29,2.6,2.6,2.6,2.6,0,0.0,,,,,
2021-02-01,2.6,2.6,2.6,2.6,0,0.0,,,,,
2021-02-02,2.6,2.6,2.6,2.6,0,0.0,,,,,
2021-02-03,2.6,2.6,2.6,2.6,0,0.0,,,,,
2021-02-04,2.6,2.6,2.6,2.6,0,0.0,,,,,
2021-02-05,2.6,2.6,2.6,2.6,0,0.0,,,,,
2021-02-08,3.5,3.6,3.5,3.6,200,720.0,,,,,
2021-02-09,3.6,3.6,3.6,3.6,0,0.0,,,,,
2021-02-17,3.6,3.6,3.6,3.6,0,0.0,,,,,
2021-02-18,3.6,3.6,3.6,3.6,0,0.0,,,,,
2021-02-19,3.6,3.6,3.6,3.6,0,0.0,,,,,
2021-02-22,3.6,3.6,3.6,3.6,0,0.0,,,,,
2021-02-23,3.6,3.6,3.6,3.6,0,0.0,,,,,
2021-02-24,3.6,3.6,3.6,3.6,0,0.0,,,,,
2021-02-25,3.6,3.6,3.6,3.6,0,0.0,,,,,
2021-02-26,3.6,3.6,3.6,3.6,0,0.0,,,,,
2021-03-01,3.6,3.6,3.6,3.6,0,0.0,,,,,
2021-03-02,3.6,3.6,3.6,3.6,0,0.0,,,,,
2021-03-03,3.6,3.6,3.6,3.6,0,0.0,,,,,
2021-03-04,3.6,3.6,3.6,3.6,0,0.0,,,,,
2021-03-05,3.6,3.6,3.6,3.6,0,0.0,,,,,
2021-03-08,3.6,3.6,3.6,3.6,0,0.0,,,,,
2021-03-09,3.6,3.6,3.6,3.6,0,0.0,,,,,
2021-03-10,3.6,3.6,3.6,3.6,0,0.0,,,,,
2021-03-11,3.6,3.6,3.6,3.6,0,0.0,,,,,
2021-03-12,3.6,3.6,3.6,3.6,0,0.0,,,,,
2021-03-15,3.6,3.6,3.6,3.6,0,0.0,,,,,
2021-03-16,3.6,3.6,3.6,3.6,0,0.0,,,,,
2021-03-17,3.6,3.6,3.6,3.6,0,0.0,,,,,
2021-03-18,3.6,3.6,3.6,3.6,0,0.0,,,,,
2021-03-19,3.5,3.5,3.5,3.5,200,700.0,,,,,
2021-03-22,3.5,3.5,3.5,3.5,0,0.0,,,,,
2021-03-23,3.5,3.5,3.5,3.5,0,0.0,,,,,
2021-03-24,3.5,3.5,3.5,3.5,0,0.0,,,,,
2021-03-25,3.5,3.5,3.5,3.5,0,0.0,,,,,
2021-03-26,3.5,3.5,3.5,3.5,0,0.0,,,,,
2021-03-29,3.5,3.5,3.5,3.5,0,0.0,,,,,
2021-03-30,3.5,3.5,3.5,3.5,0,0.0,,,,,
2021-03-31,3.5,3.5,3.5,3.5,0,0.0,,,,,
2021-04-01,3.5,3.5,3.5,3.5,0,0.0,,,,,
2021-04-02,3.5,3.5,3.5,3.5,0,0.0,,,,,
2021-04-05,3.5,3.5,3.5,3.5,0,0.0,,,,,
2021-04-06,3.5,3.5,3.5,3.5,0,0.0,,,,,
2021-04-07,3.5,3.5,3.5,3.5,0,0.0,,,,,
2021-04-08,3.5,3.5,3.5,3.5,0,0.0,,,,,
2021-04-09,3.5,3.5,3.5,3.5,100,350.0,,,,,
2021-04-12,3.5,3.5,3.5,3.5,0,0.0,,,,,
2021-04-13,3.5,3.5,3.5,3.5,0,0.0,,,,,
2021-04-14,3.5,3.5,3.5,3.5,0,0.0,,,,,
2021-04-15,3.5,3.5,3.5,3.5,0,0.0,,,,,
2021-04-16,3.5,3.5,3.5,3.5,0,0.0,,,,,
2021-04-19,3.5,3.5,3.5,3.5,0,0.0,,,,,
2021-04-20,3.5,3.5,3.5,3.5,0,0.0,,,,,
2021-04-22,3.5,3.5,3.5,3.5,0,0.0,,,,,
2021-04-23,3.5,3.5,3.5,3.5,0,0.0,,,,,
2021-04-26,3.5,3.5,3.5,3.5,0,0.0,,,,,
2021-04-27,3.5,3.5,3.5,3.5,0,0.0,,,,,
2021-04-28,3.5,3.5,3.5,3.5,0,0.0,,,,,
2021-04-29,3.5,3.5,3.5,3.5,0,0.0,,,,,
2021-05-04,3.5,3.5,3.5,3.5,0,0.0,,,,,
2021-05-05,3.5,3.5,3.5,3.5,0,0.0,,,,,
2021-05-06,3.5,3.5,3.5,3.5,0,0.0,,,,,
2021-05-07,3.5,3.5,3.5,3.5,0,0.0,,,,,
2021-05-10,3.5,3.5,3.5,3.5,0,0.0,,,,,
2021-05-11,3.6,3.6,3.6,3.6,1000,3600.0,,,,,
2021-05-12,3.6,3.6,3.6,3.6,0,0.0,,,,,
2021-05-13,3.6,3.6,3.6,3.6,0,0.0,,,,,
2021-05-14,3.6,3.6,3.6,3.6,0,0.0,,,,,
2021-05-17,3.6,3.6,3.6,3.6,0,0.0,,,,,
2021-05-18,3.6,3.6,3.6,3.6,0,0.0,,,,,
2021-05-19,3.6,3.6,3.6,3.6,0,0.0,,,,,
2021-05-20,3.6,3.6,3.6,3.6,0,0.0,,,,,
2021-05-21,3.7,4.1,3.7,4.0,4400,17600.0,,,,,
2021-05-24,4.0,4.0,4.0,4.0,1000,4000.0,,,,,
2021-05-25,4.3,4.3,4.3,4.3,100,430.0,,,,,
2021-05-26,4.9,4.9,3.7,3.7,1400,5180.0,,,,,
2021-05-27,3.4,3.4,3.4,3.4,3200,10880.0,,,,,
2021-05-28,2.9,3.9,2.9,3.9,4200,16380.0,,,,,
2021-05-31,3.3,3.3,3.3,3.3,100,330.0,,,,,
2021-06-01,3.7,3.7,3.7,3.7,1400,5180.0,,,,,
2021-06-02,4.2,4.2,3.8,3.8,2100,7980.0,,,,,
2021-06-03,3.5,4.0,3.5,3.8,1800,6840.0,,,,,
2021-06-04,3.6,3.7,3.2,3.3,4300,14190.0,,,,,
2021-06-07,2.9,3.0,2.9,3.0,3100,9300.0,,,,,
2021-06-08,2.9,2.9,2.9,2.9,200,580.0,,,,,
2021-06-09,2.9,2.9,2.9,2.9,700,2030.0,,,,,
2021-06-10,2.9,2.9,2.9,2.9,0,0.0,,,,,
2021-06-11,3.3,3.3,3.3,3.3,2800,9240.0,,,,,
2021-06-14,3.6,3.6,3.6,3.6,440,1584.0,,,,,
2021-06-15,3.3,3.3,3.3,3.3,400,1320.0,,,,,
2021-06-16,2.9,2.9,2.9,2.9,1459,4231.099999999999,,,,,
2021-06-17,2.9,2.9,2.9,2.9,0,0.0,,,,,
2021-06-18,2.9,2.9,2.9,2.9,300,870.0,,,,,
2021-06-21,3.3,3.3,3.3,3.3,3500,11550.0,,,,,
2021-06-22,3.7,3.7,3.7,3.7,9212,34084.4,,,,,
2021-06-23,3.7,3.7,3.7,3.7,100,370.0,,,,,
2021-06-24,4.1,4.1,4.1,4.1,400,1639.9999999999998,,,,,
2021-06-25,3.5,3.5,3.5,3.5,3100,10850.0,,,,,
2021-06-28,3.4,3.4,3.4,3.4,100,340.0,,,,,
2021-06-29,3.4,3.4,3.4,3.4,300,1020.0,,,,,
2021-06-30,3.0,3.0,3.0,3.0,100,300.0,,,,,
2021-07-01,3.1,3.1,3.1,3.1,200,620.0,,,,,
2021-07-02,3.4,3.4,3.4,3.4,100,340.0,,,,,
2021-07-05,3.4,3.4,3.4,3.4,0,0.0,,,,,
2021-07-06,3.4,3.4,3.4,3.4,0,0.0,,,,,
2021-07-07,2.9,2.9,2.9,2.9,2410,6989.0,,,,,
2021-07-08,3.3,3.3,3.3,3.3,2202,7266.599999999999,,,,,
2021-07-09,3.5,3.5,3.5,3.5,800,2800.0,,,,,
2021-07-12,3.5,3.5,3.5,3.5,0,0.0,,,,,
2021-07-13,3.1,3.1,3.1,3.1,100,310.0,,,,,
2021-07-14,2.8,2.8,2.8,2.8,100,280.0,,,,,
2021-07-15,3.2,3.2,3.2,3.2,300,960.0,,,,,
2021-07-16,3.2,3.2,3.2,3.2,100,320.0,,,,,
2021-07-19,2.9,2.9,2.9,2.9,600,1740.0,,,,,
2021-07-20,2.9,2.9,2.9,2.9,0,0.0,,,,,
2021-07-21,2.6,2.6,2.6,2.6,2000,5200.0,,,,,
2021-07-22,2.5,2.9,2.5,2.9,1300,3770.0,,,,,
2021-07-23,3.2,3.2,3.2,3.2,3200,10240.0,,,,,
2021-07-26,3.4,3.6,3.3,3.6,3302,11887.2,,,,,
2021-07-27,3.4,3.9,3.0,3.0,7010,21030.0,,,,,
2021-07-28,4.3,4.3,3.3,4.0,5528,22112.0,,,,,
2021-07-29,4.1,4.1,3.3,3.4,1639,5572.599999999999,,,,,
2021-07-30,3.6,3.6,3.2,3.2,4100,13120.0,,,,,
2021-08-02,3.7,3.7,3.0,3.0,1800,5400.0,,,,,
2021-08-03,2.8,2.9,2.8,2.9,5500,15950.0,,,,,
2021-08-04,2.9,2.9,2.8,2.8,200,560.0,,,,,
2021-08-05,3.3,3.3,3.3,3.3,300,990.0,,,,,
2021-08-06,3.2,3.3,3.2,3.3,200,660.0,,,,,
2021-08-09,3.3,3.3,3.0,3.0,1200,3600.0,,,,,
2021-08-10,3.0,3.3,3.0,3.3,2210,7293.0,,,,,
2021-08-11,3.4,3.4,3.4,3.4,1900,6460.0,,,,,
2021-08-12,3.4,3.4,3.4,3.4,0,0.0,,,,,
2021-08-13,3.4,3.4,3.4,3.4,2900,9860.0,,,,,
2021-08-16,3.5,3.5,3.5,3.5,2000,7000.0,,,,,
2021-08-17,3.5,3.5,3.5,3.5,1103,3860.5,,,,,
2021-08-18,3.5,3.5,3.5,3.5,0,0.0,,,,,
2021-08-19,3.5,3.5,3.5,3.5,20,70.0,,,,,
2021-08-20,3.0,3.5,3.0,3.5,2303,8060.5,,,,,
2021-08-23,3.5,3.5,3.5,3.5,400,1400.0,,,,,
2021-08-24,3.6,3.6,3.6,3.6,200,720.0,,,,,
2021-08-25,3.6,3.6,3.6,3.6,0,0.0,,,,,
2021-08-26,3.6,3.6,3.6,3.6,0,0.0,,,,,
2021-08-27,3.6,3.6,3.6,3.6,300,1080.0,,,,,
2021-08-30,3.6,3.6,3.6,3.6,0,0.0,,,,,
2021-08-31,3.6,3.6,3.6,3.6,0,0.0,,,,,
2021-09-01,3.6,3.6,3.6,3.6,0,0.0,,,,,
2021-09-06,3.3,3.3,3.3,3.3,1400,4620.0,,,,,
2021-09-07,3.7,3.7,3.6,3.7,3100,11470.0,,,,,
2021-09-08,3.7,3.7,3.7,3.7,0,0.0,,,,,
2021-09-09,3.6,3.6,3.4,3.4,1000,3400.0,,,,,
2021-09-10,3.6,3.6,3.6,3.6,4500,16200.0,,,,,
2021-09-13,3.6,3.6,3.6,3.6,2000,7200.0,,,,,
2021-09-14,3.6,4.1,3.6,4.1,3718,15243.8,,,,,
2021-09-15,4.1,4.3,4.1,4.3,639,2747.7,,,,,
2021-09-16,3.7,3.9,3.7,3.9,2500,9750.0,,,,,
2021-09-17,3.9,4.1,3.9,4.0,1400,5600.0,,,,,
2021-09-20,4.0,4.0,4.0,4.0,100,400.0,,,,,
2021-09-21,4.0,4.4,4.0,4.4,2200,9680.0,,,,,
2021-09-22,4.4,4.5,4.4,4.5,4600,20700.0,,,,,
2021-09-23,4.4,4.5,4.4,4.4,1600,7040.000000000001,,,,,
2021-09-24,5.0,5.0,4.7,4.7,700,3290.0,,,,,
2021-09-27,4.9,4.9,4.9,4.9,1500,7350.000000000001,,,,,
2021-09-28,4.9,4.9,4.9,4.9,0,0.0,,,,,
2021-09-29,4.9,4.9,4.9,4.9,0,0.0,,,,,
2021-09-30,4.8,4.8,4.8,4.8,200,960.0,,,,,
2021-10-01,4.8,4.8,4.8,4.8,1020,4896.0,,,,,
2021-10-04,4.5,4.6,4.5,4.6,800,3680.0,,,,,
2021-10-05,4.6,4.6,4.6,4.6,0,0.0,,,,,
2021-10-06,4.6,4.6,4.6,4.6,0,0.0,,,,,
2021-10-07,4.0,4.4,4.0,4.4,2700,11880.000000000002,,,,,
2021-10-08,4.4,4.4,4.4,4.4,100,440.00000000000006,,,,,
2021-10-11,4.4,4.4,4.4,4.4,200,880.0000000000001,,,,,
2021-10-12,4.4,4.4,4.4,4.4,0,0.0,,,,,
2021-10-13,4.0,4.0,3.8,3.8,200,760.0,,,,,
2021-10-14,4.2,4.2,4.2,4.2,1500,6300.0,,,,,
2021-10-15,4.3,4.4,4.3,4.4,1100,4840.0,,,,,
2021-10-18,4.4,4.4,4.4,4.4,100,440.00000000000006,,,,,
2021-10-19,4.4,4.4,4.4,4.4,118,519.2,,,,,
2021-10-20,4.4,4.4,4.4,4.4,0,0.0,,,,,
2021-10-21,4.4,4.4,4.4,4.4,1600,7040.000000000001,,,,,
2021-10-22,4.4,4.6,4.4,4.6,900,4140.0,,,,,
2021-10-25,4.5,4.5,4.5,4.5,0,0.0,,,,,
2021-10-26,4.5,4.5,4.5,4.5,0,0.0,,,,,
2021-10-27,4.6,5.1,4.6,5.1,5800,29580.0,,,,,
2021-10-28,5.4,5.6,5.4,5.6,4968,27820.8,,,,,
2021-10-29,5.6,5.6,5.6,5.6,100,560.0,,,,,
2021-11-01,6.4,6.4,6.0,6.4,1900,12160.0,,,,,
2021-11-02,7.0,7.3,7.0,7.3,3167,23119.1,,,,,
2021-11-03,7.3,7.3,7.3,7.3,400,2920.0,,,,,
2021-11-04,7.1,7.1,7.1,7.1,100,710.0,,,,,
2021-11-05,7.1,7.1,7.1,7.1,0,0.0,,,,,
2021-11-08,7.5,7.5,7.3,7.3,1100,8030.0,,,,,
2021-11-09,7.0,7.0,7.0,7.0,1767,12369.0,,,,,
2021-11-10,7.0,7.0,7.0,7.0,0,0.0,,,,,
2021-11-11,7.0,7.2,7.0,7.0,1300,9100.0,,,,,
2021-11-12,7.1,7.1,7.1,7.1,300,2130.0,,,,,
2021-11-15,7.3,7.3,7.2,7.2,1410,10152.0,,,,,
2021-11-16,6.2,7.0,6.2,6.4,3100,19840.0,,,,,
2021-11-17,6.4,6.4,6.4,6.4,7,44.8,,,,,
2021-11-18,5.5,5.9,5.5,5.9,2000,11800.0,,,,,
2021-11-19,5.7,6.5,5.7,6.5,2300,14950.0,,,,,
2021-11-22,6.3,7.2,6.3,7.1,3400,24140.0,,,,,
2021-11-23,7.1,7.1,7.0,7.0,800,5600.0,,,,,
2021-11-24,6.6,6.6,6.6,6.6,500,3300.0,,,,,
2021-11-25,6.6,6.6,6.3,6.5,800,5200.0,,,,,
2021-11-26,6.5,7.4,6.3,6.6,500,3300.0,,,,,
2021-11-29,6.0,6.0,6.0,6.0,1300,7800.0,,,,,
2021-11-30,6.7,6.7,5.9,5.9,700,4130.0,,,,,
2021-12-01,6.2,6.2,5.4,5.4,300,1620.0,,,,,
2021-12-02,5.9,6.7,5.9,6.5,4900,31850.0,,,,,
2021-12-03,7.0,7.1,7.0,7.0,3900,27300.0,,,,,
2021-12-06,7.0,8.0,7.0,8.0,6560,52480.0,,,,,
2021-12-07,8.0,9.2,8.0,9.2,6500,59799.99999999999,,,,,
2021-12-08,9.2,9.2,7.6,9.1,2500,22750.0,,,,,
2021-12-09,8.0,9.0,8.0,8.0,900,7200.0,,,,,
2021-12-10,8.1,8.5,6.9,8.5,3548,30158.0,,,,,
2021-12-13,7.5,7.5,7.4,7.5,700,5250.0,,,,,
2021-12-14,7.5,7.5,7.5,7.5,2100,15750.0,,,,,
2021-12-15,6.7,7.5,6.7,7.5,810,6075.0,,,,,
2021-12-16,6.9,7.8,6.9,6.9,1238,8542.2,,,,,
2021-12-17,7.2,7.2,7.2,7.2,300,2160.0,,,,,
2021-12-20,6.5,7.8,6.5,6.9,4400,30360.0,,,,,
2021-12-21,6.8,7.8,6.8,7.7,3700,28490.0,,,,,
2021-12-22,7.2,7.2,7.2,7.2,600,4320.0,,,,,
2021-12-23,7.2,7.4,6.7,6.8,13900,94520.0,,,,,
2021-12-24,7.0,7.0,7.0,7.0,612,4284.0,,,,,
2021-12-27,7.0,7.0,6.8,6.8,3000,20400.0,,,,,
2021-12-28,6.8,6.8,6.8,6.8,3100,21080.0,,,,,
2021-12-29,7.0,7.4,7.0,7.4,3000,22200.0,,,,,
2021-12-30,7.4,7.4,7.2,7.4,1400,10360.0,,,,,
2021-12-31,7.4,7.4,6.8,6.9,17300,119370.0,,,,,
2022-01-04,6.8,7.0,6.8,6.9,48100,331890.0,,,,,
2022-01-05,6.9,7.9,6.9,7.8,28000,218400.0,,,,,
2022-01-06,7.7,7.8,7.2,7.2,27300,196560.0,,,,,
2022-01-07,7.6,7.6,7.3,7.4,6400,47360.0,,,,,
2022-01-10,7.6,7.6,7.5,7.6,34900,265240.0,,,,,
2022-01-11,7.6,7.6,7.5,7.6,16400,124640.0,,,,,
2022-01-12,7.6,7.6,7.4,7.4,11000,81400.0,,,,,
2022-01-13,7.4,7.4,7.0,7.0,3400,23800.0,,,,,
2022-01-14,7.3,7.3,7.0,7.2,6600,47520.0,,,,,
2022-01-17,7.1,7.2,7.0,7.0,400,2800.0,,,,,
2022-01-18,6.9,7.0,6.9,6.9,6700,46230.0,,,,,
2022-01-19,6.9,7.0,6.9,6.9,19900,137310.0,,,,,
2022-01-20,6.9,7.1,6.9,7.1,1900,13490.0,,,,,
2022-01-21,6.9,6.9,6.9,6.9,1300,8970.0,,,,,
2022-01-24,6.9,6.9,6.9,6.9,5500,37950.0,,,,,
2022-01-25,6.9,7.0,6.9,6.9,1500,10350.0,,,,,
2022-01-26,6.9,6.9,6.9,6.9,1400,9660.0,,,,,
2022-01-27,6.9,6.9,6.9,6.9,0,0.0,,,,,
2022-01-28,5.9,5.9,5.9,5.9,600,3540.0,,,,,
2022-02-07,6.7,6.7,6.7,6.7,600,4020.0,,,,,
2022-02-08,6.7,6.7,6.7,6.7,0,0.0,,,,,
2022-02-09,6.7,6.7,6.7,6.7,1000,6700.0,,,,,
2022-02-10,6.7,6.9,6.7,6.9,300,2070.0,,,,,
2022-02-11,6.8,6.8,6.8,6.8,0,0.0,,,,,
2022-02-14,6.9,6.9,6.9,6.9,109,752.1,,,,,
2022-02-15,6.5,6.9,6.5,6.9,607,4188.3,,,,,
2022-02-16,6.8,6.9,6.8,6.8,1300,8840.0,,,,,
2022-02-17,6.9,6.9,6.8,6.8,300,2040.0,,,,,
2022-02-18,6.8,6.8,6.8,6.8,0,0.0,,,,,
2022-02-21,6.8,6.8,5.9,6.3,700,4410.0,,,,,
2022-02-22,6.3,6.3,6.3,6.3,0,0.0,,,,,
2022-02-23,6.3,6.8,6.3,6.8,800,5440.0,,,,,
2022-02-24,6.7,6.7,6.7,6.7,700,4690.0,,,,,
2022-02-25,5.8,5.8,5.8,5.8,200,1160.0,,,,,
2022-02-28,5.8,5.8,5.8,5.8,207,1200.6,,,,,
2022-03-01,6.6,6.6,6.6,6.6,2339,15437.4,,,,,
2022-03-02,6.6,6.6,6.6,6.6,0,0.0,,,,,
2022-03-03,6.6,6.9,6.6,6.9,1600,11040.0,,,,,
2022-03-04,6.1,6.9,6.1,6.8,2300,15640.0,,,,,
2022-03-07,6.8,6.8,6.8,6.8,0,0.0,,,,,
2022-03-08,6.3,7.0,6.3,7.0,700,4900.0,,,,,
2022-03-09,7.0,7.0,6.9,6.9,20500,141450.0,,,,,
2022-03-10,6.7,6.9,6.7,6.8,1400,9520.0,,,,,
2022-03-11,7.0,7.0,6.9,6.9,300,2070.0,,,,,
2022-03-14,7.3,7.3,7.0,7.0,4900,34300.0,,,,,
2022-03-15,7.0,7.0,7.0,7.0,0,0.0,,,,,
2022-03-16,6.3,6.9,6.3,6.9,1200,8280.0,,,,,
2022-03-17,6.8,6.8,6.8,6.8,400,2720.0,,,,,
2022-03-18,6.8,6.8,5.9,6.0,4707,28242.0,,,,,
2022-03-21,6.8,6.8,6.8,6.8,500,3400.0,,,,,
2022-03-22,6.8,6.8,6.8,6.8,5900,40120.0,,,,,
2022-03-23,6.7,6.8,6.7,6.8,4700,31960.0,,,,,
2022-03-24,6.8,6.8,6.8,6.8,907,6167.599999999999,,,,,
2022-03-25,6.8,6.8,6.8,6.8,0,0.0,,,,,
2022-03-28,6.8,6.8,6.8,6.8,100,680.0,,,,,
2022-03-29,6.7,6.7,6.7,6.7,200,1340.0,,,,,
2022-03-30,6.5,6.6,6.4,6.5,700,4550.0,,,,,
2022-03-31,6.5,6.6,6.5,6.6,2400,15840.0,,,,,
2022-04-01,6.6,6.6,6.5,6.5,600,3900.0,,,,,
2022-04-04,6.6,6.6,6.6,6.6,2200,14520.0,,,,,
2022-04-05,6.6,6.6,6.6,6.6,0,0.0,,,,,
2022-04-06,6.6,6.7,6.6,6.6,400,2640.0,,,,,
2022-04-07,6.6,6.6,6.6,6.6,0,0.0,,,,,
2022-04-08,6.6,6.6,6.6,6.6,0,0.0,,,,,
2022-04-12,6.0,6.5,6.0,6.5,1800,11700.0,,,,,
2022-04-13,6.1,6.1,6.1,6.1,100,610.0,,,,,
2022-04-14,6.1,7.0,6.1,6.9,500,3450.0,,,,,
2022-04-15,6.8,6.9,6.7,6.9,600,4140.0,,,,,
2022-04-18,6.8,6.8,6.8,6.8,0,0.0,,,,,
2022-04-19,6.8,6.8,6.8,6.8,0,0.0,,,,,
2022-04-20,6.6,6.6,6.6,6.6,100,660.0,,,,,
2022-04-21,6.4,6.4,6.4,6.4,100,640.0,,,,,
2022-04-22,6.4,6.4,6.4,6.4,0,0.0,,,,,
2022-04-25,6.0,6.0,5.5,5.5,300,1650.0,,,,,
2022-04-26,5.7,5.7,5.7,5.7,0,0.0,,,,,
2022-04-27,5.7,5.7,5.7,5.7,0,0.0,,,,,
2022-04-28,5.8,5.8,5.8,5.8,100,580.0,,,,,
2022-04-29,5.8,5.8,5.8,5.8,0,0.0,,,,,
2022-05-04,5.6,5.6,5.3,5.3,1100,5830.0,,,,,
2022-05-05,5.4,5.4,5.4,5.4,0,0.0,,,,,
2022-05-06,5.8,5.8,5.8,5.8,100,580.0,,,,,
2022-05-09,5.8,5.8,5.8,5.8,100,580.0,,,,,
2022-05-10,5.8,5.8,5.8,5.8,0,0.0,,,,,
2022-05-11,5.8,5.8,5.8,5.8,0,0.0,,,,,
2022-05-12,5.8,5.8,5.8,5.8,0,0.0,,,,,
2022-05-13,5.8,5.8,5.8,5.8,0,0.0,,,,,
2022-05-16,5.8,5.8,5.8,5.8,0,0.0,,,,,
2022-05-17,5.8,5.8,5.8,5.8,100,580.0,,,,,
2022-05-18,5.8,5.8,5.8,5.8,0,0.0,,,,,
2022-05-19,5.7,5.7,5.7,5.7,100,570.0,,,,,
2022-05-20,5.7,5.7,5.7,5.7,0,0.0,,,,,
2022-05-23,5.7,5.7,5.7,5.7,0,0.0,,,,,
2022-05-24,5.5,5.5,5.5,5.5,100,550.0,,,,,
2022-05-25,5.0,5.0,5.0,5.0,400,2000.0,,,,,
2022-05-26,5.0,5.0,4.8,4.8,400,1920.0,,,,,
2022-05-27,4.8,4.8,4.5,4.5,300,1350.0,,,,,
2022-05-30,4.6,4.6,4.6,4.6,0,0.0,,,,,
2022-05-31,5.2,5.2,5.2,5.2,700,3640.0,,,,,
2022-06-01,4.6,4.6,4.6,4.6,100,460.0,,,,,
2022-06-02,4.6,4.6,4.6,4.6,100,460.0,,,,,
2022-06-03,4.1,5.2,4.0,4.0,1300,5200.0,,,,,
2022-06-06,4.8,4.8,4.3,4.3,500,2150.0,,,,,
2022-06-07,4.4,4.4,4.4,4.4,0,0.0,,,,,
2022-06-08,4.4,4.4,3.8,3.8,200,760.0,,,,,
2022-06-09,4.1,4.1,4.1,4.1,0,0.0,,,,,
2022-06-10,3.5,4.7,3.5,4.7,700,3290.0,,,,,
2022-06-13,4.7,4.7,4.6,4.6,200,920.0,,,,,
2022-06-14,5.4,5.4,5.4,5.4,300,1620.0,,,,,
2022-06-15,5.0,5.0,5.0,5.0,100,500.0,,,,,
2022-06-16,5.5,5.6,5.5,5.5,1000,5500.0,,,,,
2022-06-17,5.5,5.5,5.5,5.5,0,0.0,,,,,
2022-06-20,5.5,5.5,5.5,5.5,0,0.0,,,,,
2022-06-21,5.5,5.5,5.5,5.5,0,0.0,,,,,
2022-06-22,5.5,5.5,5.5,5.5,0,0.0,,,,,
2022-06-23,5.5,5.5,5.5,5.5,0,0.0,,,,,
2022-06-24,5.5,5.5,5.5,5.5,0,0.0,,,,,
2022-06-27,4.7,4.7,4.7,4.7,1100,5170.0,,,,,
2022-06-28,4.1,4.1,4.1,4.1,100,410.0,,,,,
2022-06-29,4.1,4.1,4.1,4.1,0,0.0,,,,,
2022-06-30,4.0,4.0,3.6,3.6,1100,3960.0,,,,,
2022-07-01,4.0,4.0,4.0,4.0,0,0.0,,,,,
2022-07-04,4.0,4.0,4.0,4.0,0,0.0,,,,,
2022-07-05,4.0,4.0,4.0,4.0,0,0.0,,,,,
2022-07-06,4.0,4.0,4.0,4.0,100,400.0,,,,,
2022-07-07,4.0,4.0,4.0,4.0,0,0.0,,,,,
2022-07-08,4.0,4.0,4.0,4.0,0,0.0,,,,,
2022-07-11,4.0,4.0,4.0,4.0,0,0.0,,,,,
2022-07-12,4.0,4.0,4.0,4.0,100,400.0,,,,,
2022-07-13,4.0,4.0,4.0,4.0,200,800.0,,,,,
2022-07-14,4.0,4.0,4.0,4.0,0,0.0,,,,,
2022-07-15,4.0,4.0,4.0,4.0,200,800.0,,,,,
2022-07-18,4.0,4.0,4.0,4.0,100,400.0,,,,,
2022-07-19,4.0,4.0,4.0,4.0,0,0.0,,,,,
2022-07-20,4.0,4.0,4.0,4.0,100,400.0,,,,,
2022-07-21,4.0,4.0,4.0,4.0,0,0.0,,,,,
2022-07-22,4.0,4.0,4.0,4.0,0,0.0,,,,,
2022-07-25,4.0,4.0,4.0,4.0,0,0.0,,,,,
2022-07-26,4.0,4.0,4.0,4.0,0,0.0,,,,,
2022-07-27,4.0,4.0,4.0,4.0,100,400.0,,,,,
2022-07-28,4.6,4.6,4.6,4.6,100,460.0,,,,,
2022-07-29,5.1,5.1,5.1,5.1,100,510.0,,,,,
2022-08-01,5.1,5.1,5.1,5.1,0,0.0,,,,,
2022-08-02,5.1,5.1,5.1,5.1,0,0.0,,,,,
2022-08-03,5.1,5.1,5.1,5.1,700,3569.9999999999995,,,,,
2022-08-04,5.1,5.1,5.1,5.1,0,0.0,,,,,
2022-08-05,4.4,5.5,4.4,5.5,200,1100.0,,,,,
2022-08-08,5.0,5.0,5.0,5.0,100,500.0,,,,,
2022-08-09,5.0,5.0,5.0,5.0,0,0.0,,,,,
2022-08-10,5.0,5.0,5.0,5.0,0,0.0,,,,,
2022-08-11,5.0,5.0,5.0,5.0,0,0.0,,,,,
2022-08-12,5.0,5.0,5.0,5.0,0,0.0,,,,,
2022-08-15,5.0,5.0,5.0,5.0,0,0.0,,,,,
2022-08-16,5.0,5.0,5.0,5.0,200,1000.0,,,,,
2022-08-17,5.0,5.0,5.0,5.0,0,0.0,,,,,
2022-08-18,4.3,4.3,4.3,4.3,1700,7310.0,,,,,
2022-08-19,4.3,4.3,4.0,4.0,1100,4400.0,,,,,
2022-08-22,4.2,4.2,4.2,4.2,0,0.0,,,,,
2022-08-23,4.6,4.6,4.5,4.5,300,1350.0,,,,,
2022-08-24,3.9,4.0,3.9,4.0,1400,5600.0,,,,,
2022-08-25,4.0,4.0,4.0,4.0,1000,4000.0,,,,,
2022-08-26,4.1,4.1,4.1,4.1,100,410.0,,,,,
2022-08-29,4.1,4.1,4.1,4.1,200,819.9999999999999,,,,,
2022-08-30,4.1,4.1,4.1,4.1,0,0.0,,,,,
2022-08-31,4.1,4.1,4.1,4.1,0,0.0,,,,,
2022-09-05,4.0,4.0,4.0,4.0,100,400.0,,,,,
2022-09-06,4.0,4.0,4.0,4.0,0,0.0,,,,,
2022-09-07,4.0,4.0,4.0,4.0,0,0.0,,,,,
2022-09-08,4.3,4.3,4.3,4.3,100,430.0,,,,,
2022-09-09,3.8,3.8,3.8,3.8,300,1140.0,,,,,
2022-09-12,3.8,3.8,3.8,3.8,0,0.0,,,,,
2022-09-13,4.3,4.3,4.3,4.3,200,860.0,,,,,
2022-09-14,4.0,4.0,4.0,4.0,100,400.0,,,,,
2022-09-15,3.9,3.9,3.7,3.7,914,3381.8,,,,,
2022-09-16,3.8,3.8,3.8,3.8,0,0.0,,,,,
2022-09-19,3.8,3.8,3.8,3.8,0,0.0,,,,,
2022-09-20,3.8,3.8,3.8,3.8,100,380.0,,,,,
2022-09-21,3.7,3.8,3.7,3.8,2400,9120.0,,,,,
2022-09-22,3.7,3.7,3.7,3.7,900,3330.0,,,,,
2022-09-23,3.7,3.7,3.7,3.7,0,0.0,,,,,
2022-09-26,3.7,3.7,3.5,3.5,800,2800.0,,,,,
2022-09-27,3.8,3.8,3.8,3.8,100,380.0,,,,,
2022-09-28,3.8,3.8,3.8,3.8,0,0.0,,,,,
2022-09-29,3.8,3.8,3.8,3.8,0,0.0,,,,,
2022-09-30,3.6,3.6,3.6,3.6,100,360.0,,,,,
2022-10-03,3.8,3.8,3.8,3.8,100,380.0,,,,,
2022-10-04,3.8,3.8,3.8,3.8,100,380.0,,,,,
2022-10-05,3.8,3.8,3.8,3.8,100,380.0,,,,,
2022-10-06,3.8,3.8,3.8,3.8,501,1903.8,,,,,
2022-10-07,3.8,3.8,3.3,3.3,900,2970.0,,,,,
2022-10-10,2.9,3.6,2.9,3.0,1400,4200.0,,,,,
2022-10-11,2.7,3.0,2.7,3.0,2700,8100.0,,,,,
2022-10-12,2.7,2.7,2.4,2.7,3300,8910.0,,,,,
2022-10-13,2.6,2.6,2.6,2.6,0,0.0,,,,,
2022-10-14,2.6,2.6,2.6,2.6,0,0.0,,,,,
2022-10-17,2.7,2.8,2.7,2.8,400,1120.0,,,,,
2022-10-18,3.0,3.1,3.0,3.1,300,930.0,,,,,
2022-10-19,2.7,2.7,2.6,2.6,700,1820.0,,,,,
2022-10-20,2.5,2.9,2.5,2.9,500,1450.0,,,,,
2022-10-21,2.5,3.1,2.4,3.1,4200,13020.0,,,,,
2022-10-24,3.0,3.0,2.4,2.9,4400,12760.0,,,,,
2022-10-25,2.9,2.9,2.9,2.9,500,1450.0,,,,,
2022-10-26,2.8,2.8,2.6,2.6,200,520.0,,,,,
2022-10-27,2.7,2.7,2.7,2.7,0,0.0,,,,,
2022-10-28,2.8,3.0,2.8,3.0,1700,5100.0,,,,,
2022-10-31,2.9,2.9,2.9,2.9,0,0.0,,,,,
2022-11-01,2.9,2.9,2.9,2.9,0,0.0,,,,,
2022-11-02,2.9,2.9,2.9,2.9,0,0.0,,,,,
2022-11-03,2.5,2.8,2.5,2.8,3400,9520.0,,,,,
2022-11-04,2.5,2.5,2.5,2.5,0,0.0,,,,,
2022-11-07,2.5,2.7,2.5,2.7,600,1620.0,,,,,
2022-11-08,2.5,2.5,2.5,2.5,200,500.0,,,,,
2022-11-09,2.5,2.5,2.5,2.5,0,0.0,,,,,
2022-11-10,2.5,2.6,2.5,2.6,400,1040.0,,,,,
2022-11-11,2.5,2.5,2.5,2.5,400,1000.0,,,,,
2022-11-14,2.5,2.5,2.5,2.5,0,0.0,,,,,
2022-11-15,2.5,2.5,2.5,2.5,0,0.0,,,,,
2022-11-16,2.5,2.5,2.5,2.5,0,0.0,,,,,
2022-11-17,2.5,2.6,2.5,2.6,400,1040.0,,,,,
2022-11-18,2.7,2.8,2.3,2.8,4500,12600.0,,,,,
2022-11-21,2.4,2.4,2.4,2.4,1030,2472.0,,,,,
2022-11-22,2.4,2.4,2.4,2.4,0,0.0,,,,,
2022-11-23,2.3,2.3,2.3,2.3,200,460.0,,,,,
2022-11-24,2.3,2.3,2.2,2.3,800,1840.0,,,,,
2022-11-25,2.0,2.1,2.0,2.1,400,840.0,,,,,
2022-11-28,2.3,2.3,2.3,2.3,500,1150.0,,,,,
2022-11-29,2.5,2.6,2.5,2.6,3200,8320.0,,,,,
2022-11-30,2.7,2.9,2.4,2.6,900,2340.0,,,,,
2022-12-01,2.4,2.7,2.4,2.7,4600,12420.0,,,,,
2022-12-02,2.5,2.5,2.5,2.5,0,0.0,,,,,
2022-12-05,2.5,2.5,2.5,2.5,0,0.0,,,,,
2022-12-06,2.3,2.8,2.3,2.8,4900,13720.0,,,,,
2022-12-07,2.9,2.9,2.9,2.9,100,290.0,,,,,
2022-12-08,2.9,2.9,2.5,2.5,3800,9500.0,,,,,
2022-12-09,2.8,2.8,2.3,2.8,345,966.0,,,,,
2022-12-12,2.4,2.6,2.4,2.6,200,520.0,,,,,
2022-12-13,2.8,2.8,2.8,2.8,2100,5880.0,,,,,
2022-12-14,2.8,2.8,2.4,2.8,800,2240.0,,,,,
2022-12-15,2.8,2.8,2.8,2.8,0,0.0,,,,,
2022-12-16,2.8,2.8,2.8,2.8,0,0.0,,,,,
2022-12-19,2.8,2.8,2.8,2.8,1800,5040.0,,,,,
2022-12-20,2.7,2.8,2.7,2.8,1000,2800.0,,,,,
2022-12-21,2.4,2.4,2.4,2.4,1100,2640.0,,,,,
2022-12-22,2.7,2.7,2.7,2.7,700,1890.0,,,,,
2022-12-23,2.7,2.7,2.3,2.3,2000,4600.0,,,,,
2022-12-26,2.9,2.9,2.3,2.4,1300,3120.0,,,,,
2022-12-27,2.5,2.5,2.5,2.5,0,0.0,,,,,
2022-12-28,2.5,2.5,2.5,2.5,0,0.0,,,,,
2022-12-29,2.5,2.5,2.5,2.5,0,0.0,,,,,
2022-12-30,2.4,2.4,2.4,2.4,1100,2640.0,,,,,
2023-01-03,2.4,2.4,2.4,2.4,100,240.0,,,,,
2023-01-04,2.6,2.6,2.6,2.6,300,780.0,,,,,
2023-01-05,2.6,2.6,2.6,2.6,200,520.0,,,,,
2023-01-06,2.8,2.8,2.8,2.8,400,1120.0,,,,,
2023-01-09,2.8,2.8,2.8,2.8,1000,2800.0,,,,,
2023-01-10,3.1,3.1,3.1,3.1,200,620.0,,,,,
2023-01-11,3.1,3.1,3.1,3.1,0,0.0,,,,,
2023-01-12,3.3,3.3,3.3,3.3,100,330.0,,,,,
2023-01-13,3.3,3.3,3.3,3.3,0,0.0,,,,,
2023-01-16,3.5,3.5,3.5,3.5,100,350.0,,,,,
2023-01-17,3.5,3.5,3.5,3.5,0,0.0,,,,,
2023-01-18,3.5,3.5,3.5,3.5,0,0.0,,,,,
2023-01-19,3.5,3.5,3.5,3.5,0,0.0,,,,,
2023-01-27,3.5,3.5,3.5,3.5,0,0.0,,,,,
2023-01-30,3.5,3.5,3.5,3.5,0,0.0,,,,,
2023-01-31,3.5,3.5,3.5,3.5,0,0.0,,,,,
2023-02-01,3.5,3.5,3.5,3.5,0,0.0,,,,,
2023-02-02,3.5,3.5,3.5,3.5,0,0.0,,,,,
2023-02-03,3.5,3.5,3.5,3.5,0,0.0,,,,,
2023-02-06,3.5,3.5,3.5,3.5,0,0.0,,,,,
2023-02-07,3.5,3.5,3.5,3.5,0,0.0,,,,,
2023-02-08,3.5,3.5,3.5,3.5,0,0.0,,,,,
2023-02-09,3.3,3.3,3.3,3.3,500,1650.0,,,,,
2023-02-10,3.0,3.0,3.0,3.0,1000,3000.0,,,,,
2023-02-13,3.0,3.0,3.0,3.0,0,0.0,,,,,
2023-02-14,3.3,3.3,3.2,3.2,800,2560.0,,,,,
2023-02-15,3.3,3.3,3.3,3.3,0,0.0,,,,,
2023-02-16,3.3,3.3,3.3,3.3,0,0.0,,,,,
2023-02-17,2.9,3.4,2.9,3.0,600,1800.0,,,,,
2023-02-20,2.8,2.8,2.8,2.8,100,280.0,,,,,
2023-02-21,2.8,2.8,2.8,2.8,0,0.0,,,,,
2023-02-22,2.8,2.8,2.8,2.8,0,0.0,,,,,
2023-02-23,3.2,3.2,3.2,3.2,5000,16000.0,,,,,
2023-02-24,3.2,3.2,3.2,3.2,200,640.0,,,,,
2023-02-27,3.2,3.2,3.2,3.2,0,0.0,,,,,
2023-02-28,3.5,3.5,3.5,3.5,100,350.0,,,,,
2023-03-01,3.5,3.5,3.5,3.5,0,0.0,,,,,
2023-03-02,3.5,3.5,3.5,3.5,0,0.0,,,,,
2023-03-03,3.5,3.5,3.5,3.5,0,0.0,,,,,
2023-03-06,3.5,3.5,3.5,3.5,0,0.0,,,,,
2023-03-07,3.5,3.5,3.5,3.5,0,0.0,,,,,
2023-03-08,3.5,3.5,3.5,3.5,0,0.0,,,,,
2023-03-09,3.0,3.0,3.0,3.0,100,300.0,,,,,
2023-03-10,3.0,3.0,3.0,3.0,0,0.0,,,,,
2023-03-13,3.4,3.4,3.4,3.4,100,340.0,,,,,
2023-03-14,3.4,3.4,3.4,3.4,0,0.0,,,,,
2023-03-15,3.4,3.4,3.4,3.4,0,0.0,,,,,
2023-03-16,3.4,3.4,3.4,3.4,0,0.0,,,,,
2023-03-17,3.4,3.4,3.4,3.4,0,0.0,,,,,
2023-03-20,3.4,3.4,3.4,3.4,0,0.0,,,,,
2023-03-21,3.4,3.4,3.4,3.4,0,0.0,,,,,
2023-03-22,3.5,3.5,3.4,3.4,1800,6120.0,,,,,
2023-03-23,3.1,3.1,3.1,3.1,100,310.0,,,,,
2023-03-24,3.5,3.5,3.5,3.5,1000,3500.0,,,,,
2023-03-27,3.5,3.5,3.5,3.5,0,0.0,,,,,
2023-03-28,3.1,3.1,3.1,3.1,1000,3100.0,,,,,
2023-03-29,3.5,3.5,3.5,3.5,100,350.0,,,,,
2023-03-30,3.2,3.2,3.2,3.2,1000,3200.0,,,,,
2023-03-31,3.1,3.2,3.1,3.2,2600,8320.0,,,,,
2023-04-03,3.5,3.5,3.0,3.0,2700,8100.0,,,,,
2023-04-04,3.0,3.2,3.0,3.2,300,960.0,,,,,
2023-04-05,3.4,3.4,3.4,3.4,2100,7140.0,,,,,
2023-04-06,3.7,3.8,3.7,3.7,2800,10360.0,,,,,
2023-04-07,3.2,3.2,3.2,3.2,100,320.0,,,,,
2023-04-10,2.8,2.8,2.8,2.8,100,280.0,,,,,
2023-04-11,2.8,2.8,2.8,2.8,0,0.0,,,,,
2023-04-12,3.1,3.1,3.1,3.1,1000,3100.0,,,,,
2023-04-13,3.0,3.0,3.0,3.0,100,300.0,,,,,
2023-04-14,3.0,3.0,3.0,3.0,0,0.0,,,,,
2023-04-17,2.8,2.8,2.8,2.8,100,280.0,,,,,
2023-04-18,2.5,2.8,2.5,2.8,15800,44240.0,,,,,
2023-04-19,3.2,3.2,3.2,3.2,645,2064.0,,,,,
2023-04-20,3.6,3.6,3.2,3.6,1600,5760.0,,,,,
2023-04-21,3.9,3.9,3.5,3.5,1500,5250.0,,,,,
2023-04-24,3.6,3.6,3.6,3.6,0,0.0,,,,,
2023-04-25,3.6,3.6,3.6,3.6,0,0.0,,,,,
2023-04-26,3.1,3.1,3.1,3.1,100,310.0,,,,,
2023-04-27,2.7,3.2,2.7,3.2,4100,13120.0,,,,,
2023-04-28,3.1,3.1,2.8,2.8,1200,3360.0,,,,,
2023-05-04,3.3,3.3,2.8,2.8,445,1246.0,,,,,
2023-05-05,2.8,3.5,2.8,2.8,2000,5600.0,,,,,
2023-05-08,2.8,3.0,2.8,3.0,1700,5100.0,,,,,
2023-05-09,3.3,3.3,3.3,3.3,100,330.0,,,,,
2023-05-10,3.4,3.4,3.4,3.4,100,340.0,,,,,
2023-05-11,2.9,2.9,2.9,2.9,800,2320.0,,,,,
2023-05-12,3.3,3.3,2.7,2.9,3300,9570.0,,,,,
2023-05-15,3.2,3.2,3.0,3.1,2315,7176.5,,,,,
2023-05-16,3.1,3.3,3.1,3.3,1000,3300.0,,,,,
2023-05-17,2.9,2.9,2.9,2.9,100,290.0,,,,,
2023-05-18,3.2,3.2,3.2,3.2,115,368.0,,,,,
2023-05-19,3.3,3.3,2.8,2.8,1100,3080.0,,,,,
2023-05-22,2.7,2.7,2.7,2.7,200,540.0,,,,,
2023-05-23,3.1,3.1,3.1,3.1,800,2480.0,,,,,
2023-05-24,3.5,3.5,3.5,3.5,1101,3853.5,,,,,
2023-05-25,3.0,3.0,3.0,3.0,113,339.0,,,,,
2023-05-26,3.4,3.4,2.9,3.2,700,2240.0,,,,,
2023-05-29,3.2,3.2,2.8,3.2,2400,7680.0,,,,,
2023-05-30,2.8,2.8,2.8,2.8,114,319.2,,,,,
2023-05-31,3.2,3.2,3.2,3.2,3000,9600.0,,,,,
2023-06-01,3.0,3.2,2.9,3.0,3315,9945.0,,,,,
2023-06-02,2.6,3.2,2.6,3.0,7800,23400.0,,,,,
2023-06-05,3.3,3.3,3.3,3.3,100,330.0,,,,,
2023-06-06,3.6,3.6,3.5,3.5,1015,3552.5,,,,,
2023-06-07,3.1,3.5,3.1,3.1,2600,8060.0,,,,,
2023-06-08,2.9,3.1,2.9,3.1,3000,9300.0,,,,,
2023-06-09,3.1,3.2,3.1,3.1,900,2790.0,,,,,
2023-06-12,2.8,3.3,2.8,3.3,3100,10230.0,,,,,
2023-06-13,2.9,3.1,2.9,3.1,9900,30690.0,,,,,
2023-06-14,3.1,3.4,3.1,3.4,1590,5406.0,,,,,
2023-06-15,3.9,3.9,3.9,3.9,2814,10974.6,,,,,
2023-06-16,4.4,4.4,4.0,4.0,4639,18556.0,,,,,
2023-06-19,5.0,5.0,3.8,4.8,9400,45120.0,,,,,
2023-06-20,4.4,4.4,4.4,4.4,0,0.0,,,,,
2023-06-21,4.6,4.6,4.0,4.0,1515,6060.0,,,,,
2023-06-22,3.8,3.8,3.5,3.5,7503,26260.5,,,,,
2023-06-23,3.5,3.5,3.5,3.5,700,2450.0,,,,,
2023-06-26,3.1,3.5,3.1,3.4,300,1020.0,,,,,
2023-06-27,3.0,3.7,3.0,3.7,14317,52972.9,,,,,
2023-06-28,3.2,3.7,3.2,3.7,2301,8513.7,,,,,
2023-06-29,3.6,3.7,3.3,3.3,1000,3300.0,,,,,
2023-06-30,3.1,3.2,3.1,3.2,200,640.0,,,,,
2023-07-03,3.1,3.5,3.0,3.5,6800,23800.0,,,,,
2023-07-04,2.7,3.3,2.7,3.3,4114,13576.2,,,,,
2023-07-05,3.3,3.3,3.0,3.0,2200,6600.0,,,,,
2023-07-06,3.7,3.7,3.7,3.7,100,370.0,,,,,
2023-07-07,3.7,3.7,3.5,3.5,1100,3850.0,,,,,
2023-07-10,3.2,3.4,3.2,3.4,11000,37400.0,,,,,
2023-07-11,3.2,3.2,3.2,3.2,2400,7680.0,,,,,
2023-07-12,3.0,3.0,3.0,3.0,1500,4500.0,,,,,
2023-07-13,3.1,3.1,3.1,3.1,100,310.0,,,,,
2023-07-14,3.1,3.1,3.0,3.0,400,1200.0,,,,,
2023-07-17,3.1,3.2,3.1,3.2,1200,3840.0,,,,,
2023-07-18,3.2,3.2,3.2,3.2,400,1280.0,,,,,
2023-07-19,3.0,3.0,3.0,3.0,100,300.0,,,,,
2023-07-20,3.0,3.0,2.8,2.8,1300,3640.0,,,,,
2023-07-21,2.9,2.9,2.9,2.9,100,290.0,,,,,
2023-07-24,2.9,3.2,2.9,3.2,300,960.0,,,,,
2023-07-25,2.9,2.9,2.9,2.9,500,1450.0,,,,,
2023-07-26,3.0,3.1,3.0,3.1,400,1240.0,,,,,
2023-07-27,3.1,3.1,3.0,3.0,1000,3000.0,,,,,
2023-07-28,3.1,3.1,2.8,2.9,3700,10730.0,,,,,
2023-07-31,3.2,3.2,3.2,3.2,1300,4160.0,,,,,
2023-08-01,3.2,3.2,3.2,3.2,400,1280.0,,,,,
2023-08-02,3.2,3.2,3.2,3.2,201,643.2,,,,,
2023-08-03,3.2,3.2,3.2,3.2,201,643.2,,,,,
2023-08-04,3.2,3.2,3.2,3.2,0,0.0,,,,,
2023-08-07,2.8,3.2,2.8,3.2,5735,18352.0,,,,,
2023-08-08,3.2,3.4,3.2,3.4,3601,12243.4,,,,,
2023-08-09,3.3,3.3,3.3,3.3,910,3003.0,,,,,
2023-08-10,3.3,3.3,3.2,3.2,1421,4547.2,,,,,
2023-08-11,3.3,3.4,3.3,3.3,2600,8580.0,,,,,
2023-08-14,3.4,3.7,3.4,3.6,3200,11520.0,,,,,
2023-08-15,3.7,3.7,3.5,3.5,1010,3535.0,,,,,
2023-08-16,3.5,3.5,3.4,3.4,1500,5100.0,,,,,
2023-08-17,3.1,3.4,3.1,3.4,3200,10880.0,,,,,
2023-08-18,3.1,3.2,3.1,3.1,1305,4045.5,,,,,
2023-08-21,2.9,2.9,2.9,2.9,1105,3204.5,,,,,
2023-08-22,3.0,3.0,3.0,3.0,300,900.0,,,,,
2023-08-23,3.1,3.1,3.0,3.0,401,1203.0,,,,,
2023-08-24,3.0,3.0,3.0,3.0,100,300.0,,,,,
2023-08-25,3.0,3.1,3.0,3.1,1700,5270.0,,,,,
2023-08-28,3.2,3.5,3.2,3.5,4100,14350.0,,,,,
2023-08-29,3.8,3.8,3.5,3.5,2510,8785.0,,,,,
2023-08-30,3.6,3.6,3.0,3.5,700,2450.0,,,,,
2023-08-31,3.6,3.6,3.3,3.6,1912,6883.2,,,,,
2023-09-05,3.2,3.5,3.2,3.4,600,2040.0,,,,,
2023-09-06,3.5,3.9,3.5,3.7,2673,9890.1,,,,,
2023-09-07,3.8,4.1,3.7,3.8,3508,13330.4,,,,,
2023-09-08,4.4,4.4,3.9,3.9,1100,4290.0,,,,,
2023-09-11,4.0,4.6,4.0,4.2,1122,4712.400000000001,,,,,
2023-09-12,3.8,4.2,3.8,4.2,2509,10537.8,,,,,
2023-09-13,4.4,4.4,4.1,4.1,2216,9085.6,,,,,
2023-09-14,4.2,4.2,4.2,4.2,100,420.0,,,,,
2023-09-15,4.2,4.2,4.2,4.2,1,4.2,,,,,
2023-09-18,4.2,4.2,4.2,4.2,1,4.2,,,,,
2023-09-19,4.2,4.2,4.2,4.2,100,420.0,,,,,
2023-09-20,4.1,4.1,3.6,3.6,2300,8280.0,,,,,
2023-09-21,4.1,4.1,3.4,3.4,1002,3406.8,,,,,
2023-09-22,3.9,4.2,3.3,4.0,2387,9548.0,,,,,
2023-09-25,4.2,4.3,4.2,4.3,682,2932.6,,,,,
2023-09-26,3.6,3.6,3.6,3.6,111,399.6,,,,,
2023-09-27,3.1,3.2,3.1,3.1,8776,27205.6,,,,,
2023-09-28,3.1,3.2,3.0,3.0,4211,12633.0,,,,,
2023-09-29,3.0,3.0,3.0,3.0,0,0.0,,,,,
2023-10-02,3.0,3.0,3.0,3.0,2100,6300.0,,,,,
2023-10-03,3.0,3.0,3.0,3.0,500,1500.0,,,,,
2023-10-04,3.0,3.0,3.0,3.0,101,303.0,,,,,
2023-10-05,3.0,3.0,3.0,3.0,0,0.0,,,,,
2023-10-06,3.0,3.0,3.0,3.0,502,1506.0,,,,,
2023-10-09,3.0,3.0,3.0,3.0,201,603.0,,,,,
2023-10-10,2.9,3.4,2.9,3.4,600,2040.0,,,,,
2023-10-11,3.4,3.4,3.2,3.3,1100,3630.0,,,,,
2023-10-12,3.3,3.3,3.3,3.3,200,660.0,,,,,
2023-10-13,3.3,3.3,3.3,3.3,0,0.0,,,,,
2023-10-16,3.1,3.1,3.1,3.1,700,2170.0,,,,,
2023-10-17,3.1,3.1,3.1,3.1,0,0.0,,,,,
2023-10-18,2.7,2.7,2.7,2.7,601,1622.7,,,,,
2023-10-19,3.1,3.1,3.1,3.1,3900,12090.0,,,,,
2023-10-20,3.1,3.1,3.1,3.1,0,0.0,,,,,
2023-10-23,2.8,2.8,2.8,2.8,600,1680.0,,,,,
2023-10-24,2.9,2.9,2.9,2.9,2500,7250.0,,,,,
2023-10-25,3.2,3.3,3.2,3.3,400,1320.0,,,,,
2023-10-26,3.6,3.6,2.9,2.9,1200,3480.0,,,,,
2023-10-27,3.4,3.4,3.4,3.4,100,340.0,,,,,
2023-10-30,3.4,3.7,3.4,3.7,318,1176.6,,,,,
2023-10-31,4.0,4.0,3.4,3.8,2700,10260.0,,,,,
2023-11-01,3.4,3.4,3.4,3.4,100,340.0,,,,,
2023-11-02,3.7,3.7,2.9,3.0,3900,11700.0,,,,,
2023-11-03,3.0,3.0,3.0,3.0,15,45.0,,,,,
2023-11-06,3.2,3.2,3.2,3.2,107,342.40000000000003,,,,,
2023-11-07,3.4,3.4,3.4,3.4,100,340.0,,,,,
2023-11-08,3.8,3.8,3.0,3.1,1602,4966.2,,,,,
2023-11-09,3.8,3.8,3.2,3.2,1203,3849.6,,,,,
2023-11-10,3.7,3.7,3.2,3.2,710,2272.0,,,,,
2023-11-13,3.3,3.6,3.1,3.1,1303,4039.3,,,,,
2023-11-14,3.0,3.6,3.0,3.1,2000,6200.0,,,,,
2023-11-15,3.1,3.1,3.1,3.1,900,2790.0,,,,,
2023-11-16,3.1,3.1,3.1,3.1,0,0.0,,,,,
2023-11-17,3.4,3.4,3.4,3.4,100,340.0,,,,,
2023-11-20,3.5,3.5,3.0,3.0,3000,9000.0,,,,,
2023-11-21,3.2,3.2,3.2,3.2,0,0.0,,,,,
2023-11-22,3.4,3.4,2.9,3.3,2500,8250.0,,,,,
2023-11-23,3.1,3.1,3.1,3.1,0,0.0,,,,,
2023-11-24,3.1,3.1,3.1,3.1,0,0.0,,,,,
2023-11-27,3.4,3.4,3.4,3.4,1500,5100.0,,,,,
2023-11-28,3.4,3.4,3.4,3.4,0,0.0,,,,,
2023-11-29,3.4,3.4,3.4,3.4,300,1020.0,,,,,
2023-11-30,3.0,3.5,3.0,3.0,2300,6900.0,,,,,
2023-12-01,3.1,3.1,3.1,3.1,0,0.0,,,,,
2023-12-04,3.1,3.1,3.1,3.1,1,3.1,,,,,
2023-12-05,3.1,3.1,3.1,3.1,0,0.0,,,,,
2023-12-06,3.1,3.1,3.1,3.1,0,0.0,,,,,
2023-12-07,3.1,3.1,3.1,3.1,0,0.0,,,,,
2023-12-08,2.9,2.9,2.9,2.9,100,290.0,,,,,
2023-12-11,2.9,2.9,2.9,2.9,200,580.0,,,,,
2023-12-12,2.9,2.9,2.9,2.9,100,290.0,,,,,
2023-12-13,2.9,2.9,2.9,2.9,0,0.0,,,,,
2023-12-14,2.9,2.9,2.9,2.9,1000,2900.0,,,,,
2023-12-15,2.9,2.9,2.9,2.9,0,0.0,,,,,
2023-12-18,2.9,2.9,2.8,2.8,1004,2811.2,,,,,
2023-12-19,2.8,2.8,2.8,2.8,0,0.0,,,,,
2023-12-20,2.8,2.8,2.8,2.8,0,0.0,,,,,
2023-12-21,2.8,2.8,2.8,2.8,0,0.0,,,,,
2023-12-22,3.0,3.0,3.0,3.0,300,900.0,,,,,
2023-12-25,3.0,3.0,3.0,3.0,0,0.0,,,,,
2023-12-26,3.0,3.0,3.0,3.0,2,6.0,,,,,
2023-12-27,3.0,3.0,3.0,3.0,0,0.0,,,,,
2023-12-28,3.1,3.1,3.1,3.1,100,310.0,,,,,
2023-12-29,3.1,3.1,3.1,3.1,200,620.0,,,,,
2024-01-02,3.3,3.3,3.3,3.3,100,330.0,,,,,
2024-01-03,3.2,3.3,3.2,3.3,1002,3306.6,,,,,
2024-01-04,3.3,3.3,3.3,3.3,0,0.0,,,,,
2024-01-05,3.0,3.0,3.0,3.0,800,2400.0,,,,,
2024-01-08,3.0,3.0,3.0,3.0,0,0.0,,,,,
2024-01-09,3.0,3.0,3.0,3.0,500,1500.0,,,,,
2024-01-10,2.9,3.2,2.9,3.2,800,2560.0,,,,,
2024-01-11,3.3,3.3,3.3,3.3,100,330.0,,,,,
2024-01-12,3.3,3.3,3.3,3.3,0,0.0,,,,,
2024-01-15,3.3,3.3,3.3,3.3,0,0.0,,,,,
2024-01-16,3.3,3.3,3.3,3.3,0,0.0,,,,,
2024-01-17,3.2,3.3,3.2,3.3,600,1980.0,,,,,
2024-01-18,3.3,3.3,3.3,3.3,0,0.0,,,,,
2024-01-19,3.3,3.3,3.3,3.3,0,0.0,,,,,
2024-01-22,3.3,3.3,3.3,3.3,0,0.0,,,,,
2024-01-23,3.2,3.4,3.2,3.4,2500,8500.0,,,,,
2024-01-24,2.9,3.4,2.9,3.4,740,2516.0,,,,,
2024-01-25,3.4,3.4,3.4,3.4,904,3073.6,,,,,
2024-01-26,3.4,3.4,3.4,3.4,0,0.0,,,,,
2024-01-29,2.9,2.9,2.9,2.9,912,2644.8,,,,,
2024-01-30,2.9,2.9,2.9,2.9,600,1740.0,,,,,
2024-01-31,2.9,2.9,2.9,2.9,0,0.0,,,,,
2024-02-01,3.2,3.2,3.2,3.2,100,320.0,,,,,
2024-02-02,3.3,3.3,3.3,3.3,100,330.0,,,,,
2024-02-05,3.3,3.3,3.2,3.2,542,1734.4,,,,,
2024-02-06,3.2,3.2,3.2,3.2,0,0.0,,,,,
2024-02-07,3.2,3.2,3.2,3.2,0,0.0,,,,,
2024-02-15,3.2,3.2,3.2,3.2,0,0.0,,,,,
2024-02-16,3.2,3.2,3.2,3.2,0,0.0,,,,,
2024-02-19,2.9,2.9,2.9,2.9,100,290.0,,,,,
2024-02-20,2.9,3.3,2.9,3.3,1002,3306.6,,,,,
2024-02-21,2.9,2.9,2.9,2.9,0,0.0,,,,,
2024-02-22,2.9,2.9,2.9,2.9,400,1160.0,,,,,
2024-02-23,3.1,3.1,3.1,3.1,100,310.0,,,,,
2024-02-26,3.2,3.2,3.2,3.2,100,320.0,,,,,
2024-02-27,3.2,3.2,3.2,3.2,400,1280.0,,,,,
2024-02-28,2.9,2.9,2.9,2.9,200,580.0,,,,,
2024-02-29,2.9,2.9,2.9,2.9,401,1162.9,,,,,
2024-03-01,2.9,2.9,2.9,2.9,0,0.0,,,,,
2024-03-04,2.9,2.9,2.9,2.9,700,2030.0,,,,,
2024-03-05,3.1,3.1,3.1,3.1,200,620.0,,,,,
2024-03-06,3.1,3.1,3.1,3.1,0,0.0,,,,,
2024-03-07,3.1,3.1,3.1,3.1,0,0.0,,,,,
2024-03-08,2.9,2.9,2.9,2.9,600,1740.0,,,,,
2024-03-11,2.9,2.9,2.9,2.9,542,1571.8,,,,,
2024-03-12,3.0,3.0,3.0,3.0,101,303.0,,,,,
2024-03-13,3.0,3.0,3.0,3.0,0,0.0,,,,,
2024-03-14,3.1,3.1,3.0,3.0,204,612.0,,,,,
2024-03-15,3.0,3.2,3.0,3.2,1401,4483.2,,,,,
2024-03-18,3.0,3.0,3.0,3.0,100,300.0,,,,,
2024-03-19,3.0,3.0,3.0,3.0,0,0.0,,,,,
2024-03-20,2.9,2.9,2.9,2.9,100,290.0,,,,,
2024-03-21,2.9,2.9,2.9,2.9,0,0.0,,,,,
2024-03-22,2.9,2.9,2.9,2.9,3500,10150.0,,,,,
2024-03-25,2.9,2.9,2.9,2.9,1100,3190.0,,,,,
2024-03-26,3.0,3.0,3.0,3.0,100,300.0,,,,,
2024-03-27,3.0,3.0,3.0,3.0,0,0.0,,,,,
2024-03-28,3.2,3.3,3.2,3.3,1200,3960.0,,,,,
2024-03-29,3.1,3.1,3.1,3.1,100,310.0,,,,,
2024-04-01,2.9,2.9,2.9,2.9,100,290.0,,,,,
2024-04-02,2.9,2.9,2.9,2.9,1000,2900.0,,,,,
2024-04-03,3.2,3.2,3.2,3.2,100,320.0,,,,,
2024-04-04,3.0,3.0,3.0,3.0,3800,11400.0,,,,,
2024-04-05,3.2,3.4,3.2,3.4,5901,20063.4,,,,,
2024-04-08,3.4,3.6,3.4,3.6,3633,13078.8,,,,,
2024-04-09,3.5,3.5,3.5,3.5,110,385.0,,,,,
2024-04-10,3.5,3.5,3.5,3.5,1000,3500.0,,,,,
2024-04-11,3.5,3.5,3.5,3.5,600,2100.0,,,,,
2024-04-12,3.0,4.0,3.0,4.0,16801,67204.0,,,,,
2024-04-15,4.2,4.2,4.2,4.2,4625,19425.0,,,,,
2024-04-16,4.8,4.8,4.7,4.8,14493,69566.4,,,,,
2024-04-17,5.5,5.5,5.4,5.5,20852,114686.0,,,,,
2024-04-19,5.5,6.3,5.5,6.3,2500,15750.0,,,,,
2024-04-22,5.5,5.5,5.5,5.5,0,0.0,,,,,
2024-04-23,4.7,4.7,4.7,4.7,200,940.0,,,,,
2024-04-24,4.7,4.7,4.7,4.7,0,0.0,,,,,
2024-04-25,4.7,4.7,4.7,4.7,1,4.7,,,,,
2024-04-26,4.0,4.0,4.0,4.0,113,452.0,,,,,
2024-05-02,3.4,3.4,3.4,3.4,7900,26860.0,,,,,
2024-05-03,3.1,3.9,2.9,3.0,9300,27900.0,,,,,
2024-05-06,2.9,3.4,2.9,3.4,830,2822.0,,,,,
2024-05-07,3.0,3.0,3.0,3.0,2900,8700.0,,,,,
2024-05-08,3.0,3.3,3.0,3.0,2500,7500.0,,,,,
2024-05-09,3.0,3.0,3.0,3.0,1800,5400.0,,,,,
2024-05-10,3.0,3.2,3.0,3.0,2200,6600.0,,,,,
2024-05-13,3.1,3.3,3.1,3.3,1351,4458.3,,,,,
2024-05-14,3.1,3.1,3.1,3.1,3150,9765.0,,,,,
2024-05-15,3.4,3.4,3.0,3.0,4924,14772.0,,,,,
2024-05-16,2.9,2.9,2.8,2.9,1700,4930.0,,,,,
2024-05-17,3.0,3.0,3.0,3.0,1200,3600.0,,,,,
2024-05-20,3.0,3.0,3.0,3.0,600,1800.0,,,,,
2024-05-21,3.0,3.0,2.9,3.0,3101,9303.0,,,,,
2024-05-22,2.9,3.0,2.9,3.0,13600,40800.0,,,,,
2024-05-23,2.9,2.9,2.9,2.9,8200,23780.0,,,,,
2024-05-24,3.0,3.3,3.0,3.3,12501,41253.3,,,,,
2024-05-27,3.3,3.3,3.0,3.0,6138,18414.0,,,,,
2024-05-28,3.2,3.2,3.0,3.1,4700,14570.0,,,,,
2024-05-29,3.1,3.4,3.0,3.4,19089,64902.6,,,,,
2024-05-30,3.3,3.7,3.3,3.4,14479,49228.6,,,,,
2024-05-31,3.7,4.0,3.3,3.9,22379,87278.09999999999,,,,,
2024-06-03,3.9,4.4,3.9,4.4,10341,45500.4,,,,,
2024-06-04,4.8,4.8,4.8,4.8,2664,12787.2,,,,,
2024-06-05,5.5,5.5,5.4,5.5,36596,201278.0,,,,,
2024-06-06,5.5,6.3,5.5,6.3,15979,100667.7,,,,,
2024-06-07,7.2,7.2,5.4,5.4,15573,84094.20000000001,,,,,
2024-06-10,5.4,5.4,4.6,4.6,26938,123914.8,,,,,
2024-06-11,5.0,5.1,4.1,4.1,9145,37494.5,,,,,
2024-06-12,3.9,4.5,3.7,4.5,6061,27274.5,,,,,
2024-06-13,3.9,4.3,3.9,4.3,1028,4420.4,,,,,
2024-06-14,4.5,4.5,4.2,4.2,900,3780.0,,,,,
2024-06-17,4.2,4.3,3.7,3.7,22500,83250.0,,,,,
2024-06-18,4.1,4.1,3.6,4.1,3806,15604.6,,,,,
2024-06-19,4.1,4.1,3.9,4.0,532,2128.0,,,,,
2024-06-20,4.0,4.0,3.8,3.9,3100,12090.0,,,,,
2024-06-21,3.9,3.9,3.6,3.7,4100,15170.0,,,,,
2024-06-24,3.8,3.8,3.8,3.8,900,3420.0,,,,,
2024-06-25,3.6,3.7,3.6,3.7,900,3330.0,,,,,
2024-06-26,3.7,3.7,3.7,3.7,328,1213.6,,,,,
2024-06-27,3.6,3.7,3.6,3.7,2901,10733.7,,,,,
2024-06-28,3.7,3.7,3.7,3.7,200,740.0,,,,,
2024-07-01,3.8,3.8,3.6,3.6,1200,4320.0,,,,,
2024-07-02,4.3,4.3,4.0,4.0,2613,10452.0,,,,,
2024-07-03,4.3,4.3,4.3,4.3,100,430.0,,,,,
2024-07-04,4.1,4.2,4.1,4.2,500,2100.0,,,,,
2024-07-05,4.6,4.6,4.2,4.2,3743,15720.6,,,,,
2024-07-08,4.2,4.2,4.2,4.2,0,0.0,,,,,
2024-07-09,4.2,4.2,4.2,4.2,0,0.0,,,,,
2024-07-10,4.2,4.2,4.2,4.2,0,0.0,,,,,
2024-07-11,4.4,4.4,4.2,4.2,404,1696.8000000000002,,,,,
2024-07-12,3.7,4.2,3.7,3.8,3112,11825.6,,,,,
2024-07-15,3.9,4.0,3.9,4.0,300,1200.0,,,,,
2024-07-16,4.1,4.1,4.0,4.1,809,3316.9,,,,,
2024-07-17,4.0,4.0,3.9,3.9,200,780.0,,,,,
2024-07-18,3.7,3.7,3.7,3.7,401,1483.7,,,,,
2024-07-19,4.1,4.1,4.1,4.1,314,1287.4,,,,,
2024-07-22,4.0,4.1,4.0,4.1,235,963.5,,,,,
2024-07-23,4.1,4.1,4.1,4.1,22,90.2,,,,,
2024-07-24,4.1,4.1,4.1,4.1,1,4.1,,,,,
2024-07-25,4.1,4.1,4.1,4.1,0,0.0,,,,,
2024-07-26,4.1,4.1,4.1,4.1,0,0.0,,,,,
2024-07-29,3.8,4.0,3.8,3.8,1205,4579.0,,,,,
2024-07-30,3.6,4.0,3.6,4.0,1501,6004.0,,,,,
2024-07-31,3.9,3.9,3.5,3.5,650,2275.0,,,,,
2024-08-01,4.0,4.0,3.6,4.0,301,1204.0,,,,,
2024-08-02,4.0,4.0,4.0,4.0,102,408.0,,,,,
2024-08-05,3.6,4.0,3.4,3.6,1404,5054.400000000001,,,,,
2024-08-06,4.0,4.0,4.0,4.0,200,800.0,,,,,
2024-08-07,4.0,4.0,3.6,3.6,1100,3960.0,,,,,
2024-08-08,4.1,4.1,3.6,4.0,505,2020.0,,,,,
2024-08-09,4.1,4.1,3.6,3.6,401,1443.6,,,,,
2024-08-12,4.0,4.0,3.6,3.6,201,723.6,,,,,
2024-08-13,3.8,3.8,3.8,3.8,1005,3819.0,,,,,
2024-08-14,3.9,3.9,3.9,3.9,200,780.0,,,,,
2024-08-15,3.8,3.8,3.8,3.8,100,380.0,,,,,
2024-08-16,4.0,4.0,3.9,3.9,200,780.0,,,,,
2024-08-19,3.6,3.6,3.6,3.6,512,1843.2,,,,,
2024-08-20,3.8,3.8,3.4,3.4,1404,4773.599999999999,,,,,
2024-08-21,4.0,4.0,4.0,4.0,105,420.0,,,,,
2024-08-22,3.5,3.5,3.4,3.4,6650,22610.0,,,,,
2024-08-23,3.8,3.8,3.8,3.8,100,380.0,,,,,
2024-08-26,3.8,3.8,3.8,3.8,4,15.2,,,,,
2024-08-27,3.8,3.8,3.8,3.8,0,0.0,,,,,
2024-08-28,3.7,3.7,3.3,3.3,2100,6930.0,,,,,
2024-08-29,3.3,3.3,3.3,3.3,1001,3303.3,,,,,
2024-08-30,3.7,3.7,3.3,3.3,600,1980.0,,,,,
2024-09-04,3.3,3.3,3.0,3.3,5702,18816.6,,,,,
2024-09-05,3.0,3.0,3.0,3.0,400,1200.0,,,,,
2024-09-06,3.4,3.4,3.4,3.4,105,357.0,,,,,
2024-09-09,3.5,3.5,3.5,3.5,100,350.0,,,,,
2024-09-10,3.5,3.5,3.5,3.5,0,0.0,,,,,
2024-09-11,3.5,3.5,3.5,3.5,0,0.0,,,,,
2024-09-12,3.5,3.5,3.5,3.5,208,728.0,,,,,
2024-09-13,3.5,3.5,3.5,3.5,0,0.0,,,,,
2024-09-16,3.5,3.5,3.5,3.5,0,0.0,,,,,
2024-09-17,3.4,3.4,3.4,3.4,206,700.4,,,,,
2024-09-18,3.3,3.5,3.1,3.4,1105,3757.0,,,,,
2024-09-19,3.4,3.4,3.4,3.4,29,98.6,,,,,
2024-09-20,3.4,3.4,3.4,3.4,0,0.0,,,,,
2024-09-23,3.4,3.4,3.4,3.4,45,153.0,,,,,
2024-09-24,3.3,3.5,3.3,3.5,3700,12950.0,,,,,
2024-09-25,3.3,3.5,3.3,3.5,605,2117.5,,,,,
2024-09-26,3.5,3.5,3.5,3.5,18,63.0,,,,,
2024-09-27,3.5,3.5,3.5,3.5,2300,8050.0,,,,,
2024-09-30,3.7,3.7,3.7,3.7,103,381.1,,,,,
2024-10-01,3.7,3.7,3.7,3.7,0,0.0,,,,,
2024-10-02,4.2,4.2,3.7,3.7,1115,4125.5,,,,,
2024-10-03,3.7,3.7,3.7,3.7,301,1113.7,,,,,
2024-10-04,4.1,4.1,3.7,3.7,310,1147.0,,,,,
2024-10-07,3.7,3.7,3.7,3.7,805,2978.5,,,,,
2024-10-08,3.6,3.6,3.6,3.6,400,1440.0,,,,,
2024-10-09,3.6,3.6,3.6,3.6,0,0.0,,,,,
2024-10-10,3.1,3.1,3.1,3.1,900,2790.0,,,,,
2024-10-11,3.5,3.5,3.5,3.5,6002,21007.0,,,,,
2024-10-14,3.7,3.8,3.7,3.8,15706,59682.8,,,,,
2024-10-15,3.2,3.6,3.2,3.6,12800,46080.0,,,,,
2024-10-16,3.3,3.7,3.3,3.3,18203,60069.9,,,,,
2024-10-17,3.8,4.1,3.8,4.1,9903,40602.3,,,,,
2024-10-18,4.5,4.6,4.5,4.6,9869,45397.4,,,,,
2024-10-21,5.1,5.1,5.1,5.1,37169,189561.9,,,,,
2024-10-22,5.8,5.8,5.6,5.8,20622,119607.6,,,,,
2024-10-23,5.8,5.8,5.0,5.8,1537,8914.6,,,,,
2024-10-24,5.3,5.3,5.3,5.3,0,0.0,,,,,
2024-10-25,4.6,4.6,4.6,4.6,804,3698.4,,,,,
2024-10-28,4.0,4.0,4.0,4.0,21550,86200.0,,,,,
2024-10-29,3.9,3.9,3.4,3.6,4900,17640.0,,,,,
2024-10-30,3.5,3.5,3.4,3.4,1200,4080.0,,,,,
2024-10-31,3.5,3.5,3.4,3.4,2101,7143.4,,,,,
2024-11-01,3.4,3.7,3.4,3.7,3908,14459.6,,,,,
2024-11-04,3.4,3.4,3.0,3.1,9000,27900.0,,,,,
2024-11-05,3.3,3.5,3.3,3.5,4428,15498.0,,,,,
2024-11-06,4.0,4.0,3.7,3.9,10605,41359.5,,,,,
2024-11-07,3.9,3.9,3.4,3.5,8301,29053.5,,,,,
2024-11-08,3.6,3.8,3.6,3.7,528,1953.6,,,,,
2024-11-11,3.6,4.0,3.6,3.8,13237,50300.6,,,,,
2024-11-12,3.8,3.8,3.4,3.4,6990,23766.0,,,,,
2024-11-13,3.4,3.4,3.2,3.4,804,2733.6,,,,,
2024-11-14,3.2,3.2,3.2,3.2,2331,7459.200000000001,,,,,
2024-11-15,3.5,3.5,3.0,3.1,12004,37212.4,,,,,
2024-11-18,3.2,3.2,3.2,3.2,1312,4198.400000000001,,,,,
2024-11-19,3.3,3.3,3.2,3.3,2314,7636.2,,,,,
2024-11-20,3.3,3.7,3.3,3.6,5211,18759.6,,,,,
2024-11-21,3.5,3.7,3.5,3.6,728,2620.8,,,,,
2024-11-22,3.6,3.8,3.2,3.7,3921,14507.7,,,,,
2024-11-25,3.4,3.6,3.4,3.6,1250,4500.0,,,,,
2024-11-26,3.6,3.6,3.2,3.5,700,2450.0,,,,,
2024-11-27,3.2,3.5,3.0,3.5,3100,10850.0,,,,,
2024-11-28,3.4,3.5,3.1,3.2,9503,30409.6,,,,,
2024-11-29,3.4,3.4,3.4,3.4,800,2720.0,,,,,
2024-12-02,3.3,3.3,3.2,3.2,402,1286.4,,,,,
2024-12-03,3.2,3.4,3.2,3.4,1401,4763.4,,,,,
2024-12-04,3.2,3.3,3.2,3.3,300,990.0,,,,,
2024-12-05,3.3,3.3,3.3,3.3,100,330.0,,,,,
2024-12-06,3.1,3.3,3.1,3.3,2611,8616.3,,,,,
2024-12-09,3.2,3.2,3.2,3.2,200,640.0,,,,,
2024-12-10,3.2,3.2,3.1,3.2,700,2240.0,,,,,
2024-12-11,3.1,3.1,3.0,3.1,3602,11166.2,,,,,
2024-12-12,3.1,3.1,3.1,3.1,800,2480.0,,,,,
2024-12-13,3.1,3.2,3.1,3.2,1002,3206.4,,,,,
2024-12-16,3.2,3.3,3.0,3.0,8300,24900.0,,,,,
2024-12-17,3.1,3.3,3.1,3.3,2764,9121.2,,,,,
2024-12-18,3.3,3.3,3.3,3.3,101,333.29999999999995,,,,,
2024-12-19,3.0,3.2,3.0,3.0,2800,8400.0,,,,,
2024-12-20,3.1,3.1,3.0,3.0,700,2100.0,,,,,
2024-12-23,3.2,3.2,3.2,3.2,101,323.20000000000005,,,,,
2024-12-24,3.2,3.2,3.0,3.2,800,2560.0,,,,,
2024-12-25,3.1,3.1,3.1,3.1,0,0.0,,,,,
2024-12-26,3.1,3.2,3.1,3.2,700,2240.0,,,,,
2024-12-27,3.2,3.4,3.2,3.4,2600,8840.0,,,,,
2024-12-30,3.4,3.5,3.4,3.4,1537,5225.8,,,,,
2024-12-31,3.4,3.4,3.4,3.4,4,13.6,,,,,
2025-01-02,3.4,3.5,3.4,3.5,737,2579.5,,,,,
2025-01-03,3.5,3.5,3.0,3.5,700,2450.0,,,,,
2025-01-06,3.5,3.5,3.5,3.5,100,350.0,,,,,
2025-01-07,3.5,3.5,3.5,3.5,37,129.5,,,,,
2025-01-08,3.4,3.6,3.4,3.5,404,1414.0,,,,,
2025-01-09,3.5,3.5,3.5,3.5,0,0.0,,,,,
2025-01-10,3.5,3.5,3.5,3.5,0,0.0,,,,,
2025-01-13,3.5,3.5,3.5,3.5,0,0.0,,,,,
2025-01-14,3.6,3.8,3.6,3.7,300,1110.0,,,,,
2025-01-15,3.7,3.7,3.2,3.6,9418,33904.8,,,,,
2025-01-16,3.1,3.7,3.1,3.7,1600,5920.0,,,,,
2025-01-17,3.5,3.5,3.5,3.5,100,350.0,,,,,
2025-01-20,3.5,3.5,3.5,3.5,5,17.5,,,,,
2025-01-21,3.0,3.5,3.0,3.5,1700,5950.0,,,,,
2025-01-22,3.5,3.5,3.5,3.5,103,360.5,,,,,
2025-01-23,3.5,3.5,3.5,3.5,1,3.5,,,,,
2025-01-24,3.5,3.5,3.5,3.5,100,350.0,,,,,
2025-02-03,3.5,3.5,3.5,3.5,101,353.5,,,,,
2025-02-04,3.5,3.5,3.3,3.3,1701,5613.299999999999,,,,,
2025-02-05,3.4,3.4,3.3,3.3,2406,7939.799999999999,,,,,
2025-02-06,3.4,3.4,3.4,3.4,200,680.0,,,,,
2025-02-07,3.5,3.5,3.1,3.1,1500,4650.0,,,,,
2025-02-10,3.3,3.3,3.0,3.0,6453,19359.0,,,,,
2025-02-11,3.0,3.3,3.0,3.3,1205,3976.5,,,,,
2025-02-12,3.2,3.2,3.2,3.2,2300,7360.0,,,,,
2025-02-13,3.2,3.4,3.2,3.4,3604,12253.6,,,,,
2025-02-14,3.6,3.6,3.2,3.6,1350,4860.0,,,,,
2025-02-17,3.2,3.5,3.2,3.5,326,1141.0,,,,,
2025-02-18,3.5,3.5,3.3,3.5,3000,10500.0,,,,,
2025-02-19,3.5,3.6,3.4,3.6,14016,50457.6,,,,,
2025-02-20,3.6,3.6,3.6,3.6,6569,23648.4,,,,,
2025-02-21,3.6,3.6,3.6,3.6,0,0.0,,,,,
2025-02-24,3.2,3.6,3.2,3.6,6516,23457.6,,,,,
2025-02-25,3.5,3.7,3.5,3.7,8827,32659.9,,,,,
2025-02-26,3.6,3.7,3.6,3.7,6700,24790.0,,,,,
2025-02-27,3.8,3.8,3.8,3.8,4700,17860.0,,,,,
2025-02-28,3.8,3.9,3.8,3.9,7561,29487.9,,,,,
2025-03-03,3.9,4.4,3.9,4.4,3730,16412.0,,,,,
2025-03-04,4.7,4.8,4.7,4.8,7988,38342.4,,,,,
2025-03-05,5.5,5.5,5.3,5.3,55062,291828.6,,,,,
2025-03-06,5.4,5.4,4.6,4.6,1592,7323.2,,,,,
2025-03-07,4.6,5.8,4.6,4.6,6764,31114.4,,,,,
2025-03-10,4.4,4.4,4.4,4.4,1556,6846.400000000001,,,,,
2025-03-11,3.8,4.3,3.8,4.2,28931,121510.2,,,,,
2025-03-12,4.0,4.4,4.0,4.4,20232,89020.8,,,,,
2025-03-13,5.0,5.0,4.7,4.7,44297,208195.9,,,,,
2025-03-14,5.7,5.7,4.3,5.1,12881,65693.09999999999,,,,,
2025-03-17,4.8,4.8,3.8,4.2,13003,54612.600000000006,,,,,
2025-03-18,4.3,4.4,3.5,3.6,4365,15714.0,,,,,
2025-03-19,3.6,3.6,3.6,3.6,102,367.2,,,,,
2025-03-20,3.6,3.8,3.6,3.7,900,3330.0,,,,,
2025-03-21,3.7,3.7,3.7,3.7,200,740.0,,,,,
2025-03-24,3.7,3.7,3.5,3.6,3107,11185.2,,,,,
2025-03-25,3.8,3.8,3.6,3.6,1010,3636.0,,,,,
2025-03-26,3.6,4.0,3.6,3.9,1926,7511.4,,,,,
2025-03-27,3.8,4.0,3.8,3.9,1700,6630.0,,,,,
2025-03-28,3.9,3.9,3.9,3.9,0,0.0,,,,,
2025-03-31,3.9,4.3,3.9,3.9,3356,13088.4,,,,,
2025-04-01,3.9,3.9,3.7,3.7,9079,33592.3,,,,,
2025-04-02,3.7,3.7,3.4,3.6,20000,72000.0,,,,,
2025-04-03,3.6,3.7,3.0,3.7,2609,9653.3,,,,,
2025-04-04,3.6,3.6,2.8,3.0,4660,13980.0,,,,,
2025-04-08,3.0,3.0,2.9,2.9,11067,32094.3,,,,,
2025-04-09,3.1,3.1,3.1,3.1,300,930.0,,,,,
2025-04-10,3.5,3.5,3.4,3.5,1920,6720.0,,,,,
2025-04-11,3.4,3.8,3.4,3.8,412,1565.6,,,,,
2025-04-14,3.8,3.8,3.5,3.5,1797,6289.5,,,,,
2025-04-15,3.6,3.6,3.6,3.6,145,522.0,,,,,
2025-04-16,3.6,3.6,3.6,3.6,100,360.0,,,,,
2025-04-17,3.2,3.4,3.1,3.4,6100,20740.0,,,,,
2025-04-18,3.2,3.2,3.2,3.2,900,2880.0,,,,,
2025-04-21,3.5,3.6,3.3,3.3,3823,12615.9,,,,,
2025-04-22,3.3,3.9,3.3,3.3,9201,30363.3,,,,,
2025-04-23,3.4,3.6,3.4,3.5,3709,12981.5,,,,,
2025-04-24,3.5,3.5,3.5,3.5,4141,14493.5,,,,,
2025-04-25,3.5,3.6,3.5,3.5,1100,3850.0,,,,,
2025-04-28,3.5,3.5,3.5,3.5,605,2117.5,,,,,
2025-04-29,3.5,3.5,3.5,3.5,0,0.0,,,,,
2025-05-05,3.5,3.5,3.5,3.5,2227,7794.5,,,,,
2025-05-06,3.1,3.5,3.1,3.5,3200,11200.0,,,,,
2025-05-07,3.5,3.5,3.5,3.5,3481,12183.5,,,,,
2025-05-08,3.6,4.0,3.6,4.0,22432,89728.0,,,,,
2025-05-09,4.4,4.4,4.3,4.4,4736,20838.4,,,,,
2025-05-12,4.1,4.3,4.1,4.3,1000,4300.0,,,,,
2025-05-13,4.1,4.1,4.1,4.1,5301,21734.1,,,,,
2025-05-14,4.0,4.0,4.0,4.0,700,2800.0,,,,,
2025-05-15,4.4,4.6,4.4,4.6,24302,111789.2,,,,,
2025-05-16,5.2,5.2,4.5,5.2,28911,150337.2,,,,,
2025-05-19,5.4,5.7,4.3,4.3,18415,79184.5,,,,,
2025-05-20,5.6,5.6,4.3,4.9,37584,184161.6,,,,,
2025-05-21,4.0,4.8,4.0,4.1,15900,65189.99999999999,,,,,
2025-05-22,3.6,3.9,3.6,3.8,15905,60439.0,,,,,
2025-05-23,3.8,3.9,3.8,3.9,2100,8190.0,,,,,
2025-05-26,4.0,4.0,3.7,3.7,7341,27161.7,,,,,
2025-05-27,3.7,3.8,3.7,3.7,13601,50323.7,,,,,
2025-05-28,3.7,3.8,3.7,3.8,7500,28500.0,,,,,
2025-05-29,3.7,3.7,3.7,3.7,2400,8880.0,,,,,
2025-05-30,3.7,3.7,3.7,3.7,300,1110.0,,,,,
2025-06-02,3.4,3.6,3.4,3.6,2401,8643.6,,,,,
2025-06-03,4.0,4.0,3.8,3.8,1644,6247.2,,,,,
2025-06-04,3.8,3.8,3.8,3.8,0,0.0,,,,,
2025-06-05,3.8,3.8,3.6,3.6,1300,4680.0,,,,,
2025-06-06,3.7,3.7,3.7,3.7,0,0.0,,,,,
2025-06-09,3.7,3.7,3.7,3.7,300,1110.0,,,,,
2025-06-10,3.9,4.1,3.9,4.1,610,2501.0,,,,,
2025-06-11,4.0,4.0,4.0,4.0,4,16.0,,,,,
2025-06-12,4.0,4.0,4.0,4.0,0,0.0,,,,,
2025-06-13,4.5,4.5,4.5,4.5,100,450.0,,,,,
2025-06-16,3.9,3.9,3.9,3.9,1400,5460.0,,,,,
2025-06-17,3.9,3.9,3.9,3.9,34,132.6,,,,,
2025-06-18,3.8,3.8,3.8,3.8,100,380.0,,,,,
2025-06-19,3.8,3.8,3.8,3.8,3,11.4,,,,,
2025-06-20,4.0,4.0,4.0,4.0,100,400.0,,,,,
2025-06-23,4.0,4.0,4.0,4.0,230,920.0,,,,,
2025-06-24,4.0,4.0,4.0,4.0,75,300.0,,,,,
2025-06-25,4.0,4.0,4.0,4.0,27,108.0,,,,,
2025-06-26,3.8,3.8,3.7,3.7,10201,37743.7,,,,,
2025-06-27,3.7,3.7,3.7,3.7,5600,20720.0,,,,,
2025-06-30,3.7,3.7,3.7,3.7,0,0.0,,,,,
2025-07-01,3.7,3.7,3.7,3.7,1829,6767.3,,,,,
2025-07-02,3.7,3.7,3.7,3.7,200,740.0,,,,,
2025-07-03,3.7,3.7,3.7,3.7,2200,8140.0,,,,,
2025-07-04,3.7,3.7,3.7,3.7,0,0.0,,,,,
2025-07-07,3.7,3.7,3.7,3.7,0,0.0,,,,,
2025-07-08,3.8,3.8,3.8,3.8,200,760.0,,,,,
2025-07-09,3.8,3.8,3.8,3.8,10,38.0,,,,,
2025-07-10,3.8,3.8,3.8,3.8,0,0.0,,,,,
2025-07-11,3.8,3.8,3.8,3.8,102,387.6,,,,,
2025-07-14,3.7,3.7,3.7,3.7,3300,12210.0,,,,,
2025-07-15,3.8,3.8,3.7,3.7,300,1110.0,,,,,
2025-07-16,3.7,3.8,3.7,3.8,300,1140.0,,,,,
2025-07-17,3.7,3.7,3.7,3.7,500,1850.0,,,,,
2025-07-18,3.8,3.8,3.8,3.8,8700,33060.0,,,,,
2025-07-21,3.8,3.8,3.8,3.8,201,763.8,,,,,
2025-07-22,3.8,3.8,3.8,3.8,0,0.0,,,,,
2025-07-23,4.0,4.0,4.0,4.0,135,540.0,,,,,
2025-07-24,4.0,4.0,4.0,4.0,601,2404.0,,,,,
2025-07-25,4.0,4.0,4.0,4.0,1,4.0,,,,,
2025-07-28,4.0,4.0,4.0,4.0,0,0.0,,,,,
2025-07-29,4.0,4.0,4.0,4.0,0,0.0,,,,,
2025-07-30,4.0,4.0,4.0,4.0,1,4.0,,,,,
2025-07-31,4.5,4.5,4.5,4.5,100,450.0,,,,,
2025-08-01,3.9,3.9,3.9,3.9,4255,16594.5,,,,,
2025-08-04,3.9,3.9,3.9,3.9,32,124.8,,,,,
2025-08-05,3.6,3.6,3.6,3.6,1100,3960.0,,,,,
2025-08-06,3.9,3.9,3.9,3.9,750,2925.0,,,,,
2025-08-07,3.9,3.9,3.9,3.9,0,0.0,,,,,
2025-08-08,3.9,3.9,3.9,3.9,7700,30030.0,,,,,
2025-08-11,3.7,3.7,3.5,3.5,47400,165900.0,,,,,
2025-08-12,3.6,3.6,3.6,3.6,0,0.0,,,,,
2025-08-13,3.7,3.7,3.7,3.7,4200,15540.0,,,,,
2025-08-14,3.7,3.7,3.7,3.7,52,192.4,,,,,
2025-08-15,3.8,3.8,3.8,3.8,6001,22803.8,,,,,
2025-08-18,3.7,3.7,3.7,3.7,11500,42550.0,,,,,
2025-08-19,3.7,3.7,3.7,3.7,1725,6382.5,,,,,
2025-08-20,3.7,3.7,3.7,3.7,17,62.900000000000006,,,,,
2025-08-21,3.7,3.7,3.7,3.7,109,403.3,,,,,
2025-08-22,3.7,3.7,3.7,3.7,15200,56240.0,,,,,
2025-08-25,3.7,3.7,3.7,3.7,2,7.4,,,,,
2025-08-26,3.7,3.7,3.7,3.7,14,51.8,,,,,
2025-08-27,3.7,3.7,3.7,3.7,8,29.6,,,,,
2025-08-28,3.4,3.4,3.4,3.4,4434,15075.6,,,,,
2025-08-29,3.9,3.9,3.8,3.9,8712,33976.8,,,,,
2025-09-03,4.4,4.4,4.3,4.4,43207,190110.8,,,,,
2025-09-04,4.4,5.0,4.3,4.8,28026,134524.8,,,,,
2025-09-05,4.1,5.4,4.1,5.3,51200,271360.0,,,,,
2025-09-08,5.1,5.1,3.9,3.9,28495,111130.5,,,,,
2025-09-09,4.3,4.3,3.8,3.9,8300,32370.0,,,,,
2025-09-10,3.9,4.1,3.9,4.1,8900,36490.0,,,,,
2025-09-11,3.9,3.9,3.6,3.8,4000,15200.0,,,,,
2025-09-12,4.1,4.1,4.1,4.1,100,410.0,,,,,
2025-09-15,4.1,4.1,4.1,4.1,6103,25022.3,,,,,
2025-09-16,4.1,4.1,4.1,4.1,2,8.2,,,,,
2025-09-17,4.1,4.1,4.0,4.0,542,2168.0,,,,,
2025-09-18,4.1,4.1,4.1,4.1,102,418.2,,,,,
2025-09-19,4.0,4.0,3.9,3.9,1600,6240.0,,,,,
2025-09-22,3.9,3.9,3.9,3.9,300,1170.0,,,,,
2025-09-23,3.9,3.9,3.9,3.9,2901,11313.9,,,,,
2025-09-24,4.0,4.0,4.0,4.0,1000,4000.0,,,,,
2025-09-25,4.1,4.1,3.9,3.9,1650,6435.0,,,,,
2025-09-26,4.1,4.1,4.1,4.1,101,414.1,,,,,
2025-09-29,3.8,4.1,3.8,4.1,2500,10250.0,,,,,
2025-09-30,3.7,4.0,3.7,4.0,200,800.0,,,,,
2025-10-01,3.9,3.9,3.9,3.9,5,19.5,,,,,
2025-10-02,3.5,3.5,3.5,3.5,300,1050.0,,,,,
2025-10-03,3.7,3.7,3.7,3.7,200,740.0,,,,,
2025-10-06,3.7,4.0,3.6,3.6,3100,11160.0,,,,,
2025-10-07,3.9,3.9,3.9,3.9,100,390.0,,,,,
2025-10-08,3.9,3.9,3.9,3.9,0,0.0,,,,,
2025-10-09,,0.0,0.0,0.0,0,0.0,0.0,0.0,0.0,0.0,329746.0
2025-10-10,3.6,3.9,3.6,3.9,300,1170.0,0.0,0.0,0.0,0.0,329746.0
2025-10-13,3.7,3.9,3.7,3.9,400,1560.0,0.0,0.0,0.0,0.0,329746.0
2025-10-14,3.8,3.8,3.8,3.8,300,1140.0,0.0,0.0,0.0,0.0,329746.0
2025-10-15,3.9,4.0,3.9,3.9,500,1950.0,0.0,0.0,0.0,0.0,329746.0
2025-10-16,3.6,3.8,3.6,3.8,21200,80560.0,0.0,0.0,0.0,0.0,329746.0
2025-10-17,3.6,3.6,3.6,3.6,100,360.0,0.0,0.0,0.0,0.0,329746.0
2025-10-20,3.9,3.9,3.7,3.7,800,2960.0,0.0,0.0,0.0,0.0,329746.0
2025-10-21,3.9,3.9,3.8,3.8,500,1900.0,0.0,0.0,0.0,0.0,329746.0
2025-10-22,,0.0,0.0,0.0,0,0.0,0.0,0.0,0.0,0.0,329746.0
2025-10-23,4.0,4.0,4.0,4.0,100,400.0,0.0,0.0,0.0,0.0,329746.0
2025-10-24,,0.0,0.0,0.0,0,0.0,0.0,0.0,0.0,0.0,329746.0
2025-10-27,,0.0,0.0,0.0,0,0.0,0.0,0.0,0.0,0.0,329746.0
2025-10-28,3.9,3.9,3.9,3.9,100,390.0,0.0,0.0,0.0,0.0,329746.0
2025-10-29,3.9,3.9,3.9,3.9,500,1950.0,0.0,0.0,0.0,0.0,329746.0
2025-10-30,3.9,3.9,3.9,3.9,500,1950.0,0.0,0.0,0.0,0.0,329746.0
2025-10-31,3.5,3.5,3.5,3.5,1200,4200.0,0.0,0.0,0.0,0.0,329746.0
2025-11-03,,0.0,0.0,0.0,0,0.0,0.0,0.0,0.0,0.0,329746.0
2025-11-04,,0.0,0.0,0.0,0,0.0,0.0,0.0,0.0,0.0,329746.0
2025-11-05,4.0,4.0,3.3,3.9,2400,9360.0,0.0,0.0,0.0,0.0,329746.0
2025-11-06,,0.0,0.0,0.0,0,0.0,0.0,0.0,0.0,0.0,329746.0
2025-11-07,3.8,3.8,3.8,3.8,100,380.0,0.0,0.0,0.0,0.0,329746.0
2025-11-10,,0.0,0.0,0.0,0,0.0,0.0,0.0,0.0,0.0,329746.0
2025-11-11,,0.0,0.0,0.0,0,0.0,0.0,0.0,0.0,0.0,0.0
2025-11-12,3.8,3.8,3.8,3.8,100,380.0,0.0,0.0,0.0,0.0,329746.0
2025-11-14,,0.0,0.0,0.0,0,0.0,0.0,0.0,0.0,0.0,329746.0
2025-11-17,3.4,3.8,3.4,3.8,700,2660.0,0.0,0.0,0.0,0.0,329746.0
2025-11-18,,0.0,0.0,0.0,0,0.0,0.0,0.0,0.0,0.0,329746.0
2025-11-19,3.9,3.9,3.4,3.4,10100,34340.0,0.0,0.0,0.0,0.0,329746.0
2025-11-20,3.8,3.8,3.8,3.8,100,380.0,0.0,0.0,0.0,0.0,329746.0
2025-11-25,3.4,3.9,3.4,3.8,400,1520.0,0.0,0.0,0.0,0.0,329746.0
2025-11-26,3.7,3.8,3.7,3.8,500,1900.0,0.0,0.0,0.0,0.0,329746.0
2025-11-27,,0.0,0.0,0.0,0,0.0,0.0,0.0,0.0,0.0,329746.0
2025-11-28,3.4,3.7,3.4,3.7,1100,4070.0,0.0,0.0,0.0,0.0,329746.0
2025-12-01,,0.0,0.0,0.0,0,0.0,0.0,0.0,0.0,0.0,329746.0
2025-12-02,,0.0,0.0,0.0,0,0.0,0.0,0.0,0.0,0.0,329746.0
2025-12-03,3.9,3.9,3.9,3.9,100,390.0,0.0,0.0,0.0,0.0,329746.0
2025-12-04,,0.0,0.0,0.0,0,0.0,0.0,0.0,0.0,0.0,329746.0
2025-12-05,,0.0,0.0,0.0,0,0.0,0.0,0.0,0.0,0.0,329746.0
2025-12-08,3.7,3.7,3.7,3.7,100,370.0,0.0,0.0,0.0,0.0,329746.0
2025-12-10,,0.0,0.0,0.0,0,0.0,0.0,0.0,0.0,0.0,329746.0
2025-12-11,3.9,3.9,3.6,3.6,1400,5040.0,0.0,0.0,0.0,0.0,329746.0
2025-12-12,3.6,3.6,3.6,3.6,300,1080.0,0.0,0.0,0.0,0.0,329746.0
2025-12-15,3.4,3.8,3.4,3.8,600,2280.0,0.0,0.0,0.0,0.0,329746.0
2025-12-23,,0.0,0.0,0.0,0,0.0,0.0,0.0,0.0,0.0,329746.0
2025-12-24,,0.0,0.0,0.0,0,0.0,0.0,0.0,0.0,0.0,329746.0
2025-12-25,,0.0,0.0,0.0,0,0.0,0.0,0.0,0.0,0.0,329746.0
2025-12-26,,0.0,0.0,0.0,0,0.0,0.0,0.0,0.0,0.0,329746.0
2025-12-29,,0.0,0.0,0.0,0,0.0,0.0,0.0,0.0,0.0,329746.0
2025-12-30,3.3,3.6,3.3,3.6,300,1080.0,0.0,0.0,0.0,0.0,329746.0
2025-12-31,,0.0,0.0,0.0,0,0.0,0.0,0.0,0.0,0.0,329746.0
2026-01-05,3.3,3.3,3.2,3.2,1400,4480.0,0.0,0.0,0.0,0.0,329746.0
2026-01-06,3.5,3.5,3.5,3.5,100,350.0,0.0,0.0,0.0,0.0,329746.0
2026-01-07,,0.0,0.0,0.0,0,0.0,0.0,0.0,0.0,0.0,329746.0
2026-01-08,3.6,3.6,3.6,3.6,800,2880.0,0.0,0.0,0.0,0.0,329746.0
2026-01-09,3.6,3.6,3.3,3.3,400,1320.0,0.0,0.0,0.0,0.0,329746.0
2026-01-12,3.6,3.6,3.6,3.6,100,360.0,0.0,0.0,0.0,0.0,329746.0
2026-01-13,,0.0,0.0,0.0,0,0.0,0.0,0.0,0.0,0.0,329746.0
2026-01-14,3.4,3.4,3.4,3.4,200,680.0,0.0,0.0,0.0,0.0,329746.0
2026-01-15,3.3,3.3,3.3,3.3,600,1980.0,0.0,0.0,0.0,0.0,329746.0
2026-01-19,,0.0,0.0,0.0,0,0.0,0.0,0.0,0.0,0.0,329746.0
2026-01-20,3.3,3.3,3.2,3.3,1000,3300.0,0.0,0.0,0.0,0.0,329746.0
2026-01-21,3.2,3.3,3.2,3.3,1100,3630.0,0.0,0.0,0.0,0.0,329746.0
2026-01-22,,0.0,0.0,0.0,0,0.0,0.0,0.0,0.0,0.0,329746.0
2026-01-28,3.5,3.5,3.5,3.5,1100,3850.0,0.0,0.0,0.0,0.0,329746.0
2026-01-29,3.6,3.6,3.6,3.6,3000,10800.0,0.0,0.0,0.0,0.0,329746.0
2026-01-30,3.2,3.2,3.2,3.2,200,640.0,0.0,0.0,0.0,0.0,329746.0
2026-02-02,3.2,3.2,3.2,3.2,100,320.0,0.0,0.0,0.0,0.0,329746.0
2026-02-03,3.1,3.5,3.1,3.5,4100,14350.0,0.0,0.0,0.0,0.0,329746.0
2026-02-04,,0.0,0.0,0.0,0,0.0,0.0,0.0,0.0,0.0,329746.0
2026-02-12,3.0,3.3,3.0,3.3,5300,17490.0,0.0,0.0,0.0,0.0,329746.0
2026-02-13,3.0,3.1,3.0,3.1,2900,8990.0,0.0,0.0,0.0,0.0,329746.0
2026-02-23,3.1,3.1,3.0,3.0,5800,17400.0,0.0,0.0,0.0,0.0,329746.0
2026-02-24,,0.0,0.0,0.0,0,0.0,0.0,0.0,0.0,0.0,329746.0
2026-02-25,3.1,3.2,3.1,3.2,300,960.0,0.0,0.0,0.0,0.0,329746.0
2026-02-26,3.4,3.4,3.4,3.4,100,340.0,0.0,0.0,0.0,0.0,329746.0
2026-02-27,,0.0,0.0,0.0,0,0.0,0.0,0.0,0.0,0.0,329746.0
2026-03-02,3.4,3.5,3.4,3.5,2100,7350.0,0.0,0.0,0.0,0.0,329746.0
2026-03-03,,0.0,0.0,0.0,0,0.0,0.0,0.0,0.0,0.0,329746.0
2026-03-06,3.1,3.1,3.0,3.0,1800,5400.0,0.0,0.0,0.0,0.0,329746.0
2026-03-09,3.1,3.1,3.0,3.0,11200,33600.0,0.0,0.0,0.0,0.0,329746.0
2026-03-10,,0.0,0.0,0.0,0,0.0,0.0,0.0,0.0,0.0,329746.0
2026-03-12,3.3,3.3,3.3,3.3,200,660.0,0.0,0.0,0.0,0.0,329746.0
2026-03-13,,0.0,0.0,0.0,0,0.0,0.0,0.0,0.0,0.0,329746.0
2026-03-17,3.3,3.3,3.3,3.3,500,1650.0,0.0,0.0,0.0,0.0,329746.0
2026-03-18,3.0,3.0,3.0,3.0,1200,3600.0,0.0,0.0,0.0,0.0,329746.0
2026-03-19,,0.0,0.0,0.0,0,0.0,0.0,0.0,0.0,0.0,329746.0
2026-03-25,3.0,3.0,3.0,3.0,100,300.0,0.0,0.0,0.0,0.0,329746.0
2026-03-26,,0.0,0.0,0.0,0,0.0,0.0,0.0,0.0,0.0,329746.0
2026-03-30,3.0,3.0,3.0,3.0,400,1200.0,0.0,0.0,0.0,0.0,329746.0
2026-03-31,2.7,2.7,2.7,2.7,400,1080.0,0.0,0.0,0.0,0.0,329746.0
2026-04-01,,0.0,0.0,0.0,0,0.0,0.0,0.0,0.0,0.0,329746.0
2026-04-03,2.7,2.7,2.7,2.7,100,270.0,0.0,0.0,0.0,0.0,0.0
2026-04-06,2.5,2.6,2.5,2.5,8700,21750.0,0.0,0.0,0.0,0.0,0.0
2026-04-07,2.8,2.8,2.8,2.8,400,1120.0,0.0,0.0,0.0,0.0,0.0
2026-04-09,2.8,2.8,2.8,2.8,400,1120.0,0.0,0.0,0.0,0.0,0.0
2026-04-10,3.1,3.1,3.1,3.1,1600,4960.0,0.0,0.0,0.0,0.0,0.0
