time,open,high,low,close,volume,value,foreign_buy_vol,foreign_sell_vol,foreign_buy_val,foreign_sell_val,foreign_room,foreign_ownership_pct,foreign_buy_value_bn,foreign_sell_value_bn
2022-11-28,9.714,10.44,9.214,9.487,681600,6466339.2,0.0,0.0,0.0,0.0,,7.13,0.0,0.0
2022-11-29,9.441,9.487,8.987,9.033,463300,4184988.9,0.0,0.0,0.0,0.0,,7.13,0.0,0.0
2022-11-30,9.033,9.305,8.579,8.624,145600,1255654.4,0.0,0.0,0.0,0.0,,7.13,0.0,0.0
2022-12-01,8.624,8.624,8.025,8.17,373800,3053946.0,0.0,0.0,0.0,0.0,,7.13,0.0,0.0
2022-12-02,7.989,8.17,7.598,8.17,182700,1492659.0,0.0,0.0,0.0,0.0,,7.13,0.0,0.0
2022-12-05,8.17,8.488,8.17,8.334,235000,1958490.0,0.0,0.0,0.0,0.0,,7.13,0.0,0.0
2022-12-06,8.334,8.352,8.034,8.152,141800,1155953.6,0.0,0.0,0.0,0.0,,7.13,0.0,0.0
2022-12-07,8.143,8.216,7.989,8.161,257600,2102273.6,0.0,0.0,0.0,0.0,,7.13,0.0,0.0
2022-12-08,8.161,8.352,8.125,8.352,325300,2716905.6,0.0,0.0,0.0,0.0,,7.13,0.0,0.0
2022-12-09,8.352,8.352,8.098,8.261,530200,4379982.199999999,0.0,0.0,0.0,0.0,,7.13,0.0,0.0
2022-12-12,8.261,8.352,8.216,8.261,173600,1434109.6,0.0,0.0,0.0,0.0,,7.13,0.0,0.0
2022-12-13,8.261,8.279,8.079,8.17,168400,1375828.0,0.0,0.0,0.0,0.0,,7.13,0.0,0.0
2022-12-14,8.17,8.279,8.17,8.207,115400,947087.8,0.0,0.0,0.0,0.0,,7.13,0.0,0.0
2022-12-15,8.207,8.243,8.125,8.198,72300,592715.4,0.0,0.0,0.0,0.0,,7.13,0.0,0.0
2022-12-16,8.198,8.216,8.17,8.216,20400,167606.4,0.0,0.0,0.0,0.0,,7.13,0.0,0.0
2022-12-19,8.216,8.216,8.079,8.17,28500,232845.0,0.0,0.0,0.0,0.0,,7.13,0.0,0.0
2022-12-20,8.125,8.161,7.862,8.161,21800,177909.8,0.0,0.0,0.0,0.0,,7.13,0.0,0.0
2022-12-21,8.161,8.161,7.898,8.161,21300,173829.3,0.0,0.0,0.0,0.0,,7.13,0.0,0.0
2022-12-22,8.125,8.125,7.807,8.125,12700,103187.5,0.0,0.0,0.0,0.0,,7.13,0.0,0.0
2022-12-23,8.125,8.125,7.916,8.116,6700,54377.2,0.0,0.0,0.0,0.0,,7.13,0.0,0.0
2022-12-26,8.079,8.125,7.88,8.116,15200,123363.2,0.0,0.0,0.0,0.0,,7.13,0.0,0.0
2022-12-27,8.116,8.116,7.989,8.116,7300,59246.8,0.0,0.0,0.0,0.0,,7.13,0.0,0.0
2022-12-28,8.116,8.116,8.098,8.116,3800,30840.8,0.0,0.0,0.0,0.0,,7.13,0.0,0.0
2022-12-29,8.098,8.134,7.716,8.134,13000,105742.0,0.0,0.0,0.0,0.0,,7.13,0.0,0.0
2022-12-30,8.134,8.17,8.125,8.17,8500,69445.0,0.0,0.0,0.0,0.0,,7.13,0.0,0.0
2023-01-03,8.17,8.17,8.143,8.143,3300,26871.9,0.0,0.0,0.0,0.0,,7.13,0.0,0.0
2023-01-04,8.134,8.143,7.989,8.134,18700,152105.80000000002,0.0,0.0,0.0,0.0,,7.13,0.0,0.0
2023-01-05,8.134,8.143,8.134,8.143,13000,105859.0,0.0,0.0,0.0,0.0,,7.13,0.0,0.0
2023-01-06,8.134,8.134,8.134,8.134,600,4880.400000000001,0.0,0.0,0.0,0.0,,7.13,0.0,0.0
2023-01-09,8.134,8.134,8.125,8.125,300,2437.5,0.0,0.0,0.0,0.0,,7.13,0.0,0.0
2023-01-10,8.125,8.125,7.816,8.125,18800,152750.0,0.0,0.0,0.0,0.0,,7.13,0.0,0.0
2023-01-11,8.079,8.134,8.034,8.125,13600,110500.0,0.0,0.0,0.0,0.0,,7.13,0.0,0.0
2023-01-12,8.079,8.125,8.034,8.125,2800,22750.0,0.0,0.0,0.0,0.0,,7.13,0.0,0.0
2023-01-13,8.134,8.134,8.125,8.125,2800,22750.0,0.0,0.0,0.0,0.0,,7.13,0.0,0.0
2023-01-16,8.079,8.134,8.034,8.134,21900,178134.6,0.0,0.0,0.0,0.0,,7.13,0.0,0.0
2023-01-17,8.079,8.143,8.079,8.134,31900,259474.6,0.0,0.0,0.0,0.0,,7.13,0.0,0.0
2023-01-18,8.134,8.134,8.134,8.134,800,6507.200000000001,0.0,0.0,0.0,0.0,,7.13,0.0,0.0
2023-01-19,8.079,8.143,8.079,8.143,2500,20357.5,0.0,0.0,0.0,0.0,,7.13,0.0,0.0
2023-01-27,8.107,8.143,8.107,8.143,3200,26057.6,0.0,0.0,0.0,0.0,,7.13,0.0,0.0
2023-01-30,8.143,8.188,8.143,8.17,42600,348042.0,0.0,0.0,0.0,0.0,,7.13,0.0,0.0
2023-01-31,8.17,8.17,8.125,8.161,36000,293796.0,0.0,0.0,0.0,0.0,,7.13,0.0,0.0
2023-02-01,8.143,8.143,8.079,8.143,28100,228818.3,0.0,0.0,0.0,0.0,,7.13,0.0,0.0
2023-02-02,8.125,8.161,7.898,7.898,45500,359359.0,0.0,0.0,0.0,0.0,,7.13,0.0,0.0
2023-02-03,7.989,8.125,7.989,8.125,20400,165750.0,0.0,0.0,0.0,0.0,,7.13,0.0,0.0
2023-02-06,8.079,8.125,7.989,8.125,31800,258375.0,0.0,0.0,0.0,0.0,,7.13,0.0,0.0
2023-02-07,8.079,8.134,8.079,8.134,11800,95981.2,0.0,0.0,0.0,0.0,,7.13,0.0,0.0
2023-02-08,8.134,8.152,7.617,7.898,44600,352250.8,0.0,0.0,0.0,0.0,,7.13,0.0,0.0
2023-02-09,7.898,8.07,7.853,7.989,24600,196529.4,0.0,0.0,0.0,0.0,,7.13,0.0,0.0
2023-02-10,7.989,8.125,7.989,8.125,40700,330687.5,0.0,0.0,0.0,0.0,,7.13,0.0,0.0
2023-02-13,8.125,8.152,7.989,8.125,36000,292500.0,0.0,0.0,0.0,0.0,,7.13,0.0,0.0
2023-02-14,8.125,8.125,7.907,7.907,16800,132837.6,0.0,0.0,0.0,0.0,,7.13,0.0,0.0
2023-02-15,7.989,8.134,7.898,8.125,35800,290875.0,0.0,0.0,0.0,0.0,,7.13,0.0,0.0
2023-02-16,8.125,8.125,8.052,8.125,26800,217750.0,0.0,0.0,0.0,0.0,,7.13,0.0,0.0
2023-02-17,8.116,8.125,7.989,8.116,22500,182610.0,0.0,0.0,0.0,0.0,,7.13,0.0,0.0
2023-02-20,8.079,8.116,8.079,8.116,23100,187479.6,0.0,0.0,0.0,0.0,,7.13,0.0,0.0
2023-02-21,8.098,8.107,8.098,8.107,10400,84312.79999999999,0.0,0.0,0.0,0.0,,7.13,0.0,0.0
2023-02-22,8.007,8.107,7.989,8.107,59200,479934.4,0.0,0.0,0.0,0.0,,7.13,0.0,0.0
2023-02-23,8.034,8.061,7.862,8.061,13200,106405.2,0.0,0.0,0.0,0.0,,7.13,0.0,0.0
2023-02-24,8.061,8.134,8.061,8.134,41000,333494.0,0.0,0.0,0.0,0.0,,7.13,0.0,0.0
2023-02-27,8.034,8.134,7.989,8.107,65500,531008.5,0.0,0.0,0.0,0.0,,7.13,0.0,0.0
2023-02-28,8.125,8.125,8.125,8.125,35200,286000.0,0.0,0.0,0.0,0.0,,7.13,0.0,0.0
2023-03-01,8.125,8.125,8.107,8.107,2800,22699.6,0.0,0.0,0.0,0.0,,7.13,0.0,0.0
2023-03-02,8.016,8.107,8.016,8.107,1700,13781.9,0.0,0.0,0.0,0.0,,7.13,0.0,0.0
2023-03-03,8.107,8.125,8.043,8.107,80400,651802.7999999999,0.0,0.0,0.0,0.0,,7.13,0.0,0.0
2023-03-06,8.034,8.107,8.034,8.107,6000,48641.99999999999,0.0,0.0,0.0,0.0,,7.13,0.0,0.0
2023-03-07,8.107,8.125,8.107,8.116,21400,173682.4,0.0,0.0,0.0,0.0,,7.13,0.0,0.0
2023-03-08,8.116,8.116,8.116,8.116,3800,30840.8,0.0,0.0,0.0,0.0,,7.13,0.0,0.0
2023-03-09,8.116,8.116,8.116,8.116,6300,51130.8,0.0,0.0,0.0,0.0,,7.13,0.0,0.0
2023-03-10,7.989,8.125,7.989,8.125,8500,69062.5,0.0,0.0,0.0,0.0,,7.13,0.0,0.0
2023-03-13,8.125,8.125,8.079,8.079,6900,55745.100000000006,0.0,0.0,0.0,0.0,,7.13,0.0,0.0
2023-03-14,7.998,8.098,7.998,8.098,3200,25913.6,0.0,0.0,0.0,0.0,,7.13,0.0,0.0
2023-03-15,8.079,8.079,8.079,8.079,1200,9694.8,0.0,0.0,0.0,0.0,,7.13,0.0,0.0
2023-03-16,8.079,8.079,8.07,8.079,2400,19389.6,0.0,0.0,0.0,0.0,,7.13,0.0,0.0
2023-03-17,8.07,8.07,7.971,8.052,6400,51532.8,0.0,0.0,0.0,0.0,,7.13,0.0,0.0
2023-03-20,8.052,8.052,7.998,7.998,5900,47188.2,0.0,0.0,0.0,0.0,,7.13,0.0,0.0
2023-03-21,7.998,8.007,7.998,8.007,1400,11209.8,0.0,0.0,0.0,0.0,,7.13,0.0,0.0
2023-03-22,8.007,8.007,7.98,7.98,5800,46284.0,0.0,0.0,0.0,0.0,,7.13,0.0,0.0
2023-03-23,7.98,8.016,7.98,8.016,7300,58516.8,0.0,0.0,0.0,0.0,,7.13,0.0,0.0
2023-03-24,8.016,8.016,7.989,7.989,2900,23168.1,0.0,0.0,0.0,0.0,,7.13,0.0,0.0
2023-03-27,7.989,7.989,7.853,7.853,9300,73032.9,0.0,0.0,0.0,0.0,,7.13,0.0,0.0
2023-03-28,7.853,7.853,7.853,7.853,4600,36123.8,0.0,0.0,0.0,0.0,,7.13,0.0,0.0
2023-03-29,7.862,7.943,7.862,7.934,7000,55538.0,0.0,0.0,0.0,0.0,,7.13,0.0,0.0
2023-03-30,7.934,7.934,7.916,7.916,2500,19790.0,0.0,0.0,0.0,0.0,,7.13,0.0,0.0
2023-03-31,7.916,7.916,7.862,7.862,5300,41668.6,0.0,0.0,0.0,0.0,,7.13,0.0,0.0
2023-04-03,7.816,7.816,7.807,7.807,3100,24201.7,0.0,0.0,0.0,0.0,,7.13,0.0,0.0
2023-04-04,7.39,7.807,7.39,7.807,300,2342.1,0.0,0.0,0.0,0.0,,7.13,0.0,0.0
2023-04-05,7.535,7.744,7.535,7.744,2300,17811.2,0.0,0.0,0.0,0.0,,7.13,0.0,0.0
2023-04-06,7.716,7.716,7.607,7.607,6100,46402.7,0.0,0.0,0.0,0.0,,7.13,0.0,0.0
2023-04-07,7.707,7.798,7.707,7.798,300,2339.4,0.0,0.0,0.0,0.0,,7.13,0.0,0.0
2023-04-10,7.707,7.716,7.707,7.716,300,2314.8,0.0,0.0,0.0,0.0,,7.13,0.0,0.0
2023-04-11,7.716,7.716,7.716,7.716,0,0.0,0.0,0.0,0.0,0.0,,7.13,0.0,0.0
2023-04-12,7.698,7.698,7.698,7.698,300,2309.4,0.0,0.0,0.0,0.0,,7.13,0.0,0.0
2023-04-13,7.889,7.889,7.889,7.889,100,788.9,0.0,0.0,0.0,0.0,,7.13,0.0,0.0
2023-04-14,7.889,7.889,7.889,7.889,0,0.0,0.0,0.0,0.0,0.0,,7.13,0.0,0.0
2023-04-17,7.889,7.889,7.889,7.889,0,0.0,0.0,0.0,0.0,0.0,,7.13,0.0,0.0
2023-04-18,7.38,7.535,7.38,7.535,1000,7535.0,0.0,0.0,0.0,0.0,,7.13,0.0,0.0
2023-04-19,7.535,7.535,7.535,7.535,0,0.0,0.0,0.0,0.0,0.0,,7.13,0.0,0.0
2023-04-20,7.535,7.535,7.535,7.535,0,0.0,0.0,0.0,0.0,0.0,,7.13,0.0,0.0
2023-04-21,7.535,7.535,7.535,7.535,0,0.0,0.0,0.0,0.0,0.0,,7.13,0.0,0.0
2023-04-24,7.535,7.535,7.535,7.535,100,753.5,0.0,0.0,0.0,0.0,,7.13,0.0,0.0
2023-04-25,7.535,7.535,7.535,7.535,0,0.0,0.0,0.0,0.0,0.0,,7.13,0.0,0.0
2023-04-26,7.535,7.535,7.535,7.535,0,0.0,0.0,0.0,0.0,0.0,,7.13,0.0,0.0
2023-04-27,7.444,7.444,7.444,7.444,100,744.4,0.0,0.0,0.0,0.0,,7.13,0.0,0.0
2023-04-28,7.444,7.444,7.063,7.108,1000,7108.0,0.0,0.0,0.0,0.0,,7.13,0.0,0.0
2023-05-04,6.836,6.836,6.718,6.809,1300,8851.7,0.0,0.0,0.0,0.0,,7.13,0.0,0.0
2023-05-05,6.809,6.809,6.346,6.355,12400,78802.0,0.0,0.0,0.0,0.0,,7.13,0.0,0.0
2023-05-08,6.173,6.355,6.128,6.355,600,3813.000000000001,0.0,0.0,0.0,0.0,,7.13,0.0,0.0
2023-05-09,6.355,6.355,6.355,6.355,0,0.0,0.0,0.0,0.0,0.0,,7.13,0.0,0.0
2023-05-10,6.355,6.445,6.355,6.355,1300,8261.5,0.0,0.0,0.0,0.0,,7.13,0.0,0.0
2023-05-11,6.173,6.173,6.173,6.173,1200,7407.6,0.0,0.0,0.0,0.0,,7.13,0.0,0.0
2023-05-12,6.146,6.527,5.901,6.518,25900,168816.19999999998,0.0,0.0,0.0,0.0,,7.13,0.0,0.0
2023-05-15,6.518,6.518,6.509,6.509,300,1952.7,0.0,0.0,0.0,0.0,,7.13,0.0,0.0
2023-05-16,6.518,6.663,6.491,6.518,600,3910.8,0.0,0.0,0.0,0.0,,7.13,0.0,0.0
2023-05-17,6.563,6.591,6.309,6.355,2900,18429.5,0.0,0.0,0.0,0.0,,7.13,0.0,0.0
2023-05-18,6.355,6.609,6.173,6.173,1100,6790.3,0.0,0.0,0.0,0.0,,7.13,0.0,0.0
2023-05-19,6.264,6.318,6.182,6.318,1400,8845.199999999999,0.0,0.0,0.0,0.0,,7.13,0.0,0.0
2023-05-22,6.418,6.418,6.173,6.4,700,4480.0,0.0,0.0,0.0,0.0,,7.13,0.0,0.0
2023-05-23,6.4,6.445,6.273,6.273,3900,24464.7,0.0,0.0,0.0,0.0,,7.13,0.0,0.0
2023-05-24,6.4,6.4,6.264,6.373,4800,30590.4,0.0,0.0,0.0,0.0,,7.13,0.0,0.0
2023-05-25,6.391,6.391,6.364,6.364,1200,7636.8,0.0,0.0,0.0,0.0,,7.13,0.0,0.0
2023-05-26,5.946,6.391,5.946,6.391,3100,19812.1,0.0,0.0,0.0,0.0,,7.13,0.0,0.0
2023-05-29,6.391,6.445,6.391,6.445,2700,17401.5,0.0,0.0,0.0,0.0,,7.13,0.0,0.0
2023-05-30,6.473,6.473,6.473,6.473,200,1294.6,0.0,0.0,0.0,0.0,,7.13,0.0,0.0
2023-05-31,6.473,6.482,6.264,6.482,1600,10371.2,0.0,0.0,0.0,0.0,,7.13,0.0,0.0
2023-06-01,6.554,6.563,6.554,6.554,900,5898.6,0.0,0.0,0.0,0.0,,7.13,0.0,0.0
2023-06-02,6.591,6.591,6.445,6.573,11500,75589.5,0.0,0.0,0.0,0.0,,7.13,0.0,0.0
2023-06-05,6.573,6.573,6.573,6.573,0,0.0,0.0,0.0,0.0,0.0,,7.13,0.0,0.0
2023-06-06,6.573,6.573,6.573,6.573,0,0.0,0.0,0.0,0.0,0.0,,7.13,0.0,0.0
2023-06-07,6.382,6.563,6.382,6.5,2300,14950.0,0.0,0.0,0.0,0.0,,7.13,0.0,0.0
2023-06-08,6.209,6.473,6.2,6.364,4100,26092.4,0.0,0.0,0.0,0.0,,7.13,0.0,0.0
2023-06-09,6.364,6.5,6.364,6.473,400,2589.2,0.0,0.0,0.0,0.0,,7.13,0.0,0.0
2023-06-12,6.491,6.536,6.473,6.491,3400,22069.4,0.0,0.0,0.0,0.0,,7.13,0.0,0.0
2023-06-13,6.536,6.536,6.4,6.482,300,1944.6,0.0,0.0,0.0,0.0,,7.13,0.0,0.0
2023-06-14,6.445,6.509,6.364,6.491,7200,46735.2,0.0,0.0,0.0,0.0,,7.13,0.0,0.0
2023-06-15,6.536,6.536,6.491,6.5,1700,11050.0,0.0,0.0,0.0,0.0,,7.13,0.0,0.0
2023-06-16,6.527,6.527,6.355,6.473,4800,31070.4,0.0,0.0,0.0,0.0,,7.13,0.0,0.0
2023-06-19,6.518,6.518,6.4,6.4,1800,11520.0,0.0,0.0,0.0,0.0,,7.13,0.0,0.0
2023-06-20,6.436,6.518,6.355,6.518,3700,24116.6,0.0,0.0,0.0,0.0,,7.13,0.0,0.0
2023-06-21,6.799,6.799,6.618,6.618,600,3970.8,0.0,0.0,0.0,0.0,,7.13,0.0,0.0
2023-06-22,6.618,6.618,6.618,6.618,0,0.0,0.0,0.0,0.0,0.0,,7.13,0.0,0.0
2023-06-23,6.681,6.681,6.681,6.681,400,2672.4,0.0,0.0,0.0,0.0,,7.13,0.0,0.0
2023-06-26,6.663,6.681,6.663,6.681,12600,84180.6,11200.0,0.0,80000.0,0.0,,7.13,0.08,0.0
2023-06-27,6.718,6.718,6.718,6.718,100,671.8,0.0,0.0,0.0,0.0,,7.13,0.0,0.0
2023-06-28,6.672,7.172,6.672,7.144,47000,335768.0,31700.0,0.0,240000.0,0.0,,7.13,0.24,0.0
2023-06-29,7.226,7.226,7.226,7.226,100,722.6,0.0,0.0,0.0,0.0,,7.13,0.0,0.0
2023-06-30,7.217,7.535,7.217,7.262,65600,476387.2,65400.0,0.0,520000.0,0.0,,7.13,0.52,0.0
2023-07-03,7.262,7.262,7.262,7.262,0,0.0,0.0,0.0,0.0,0.0,,7.13,0.0,0.0
2023-07-04,7.262,7.262,6.772,6.772,2300,15575.6,0.0,600.0,0.0,0.0,,7.13,0.0,0.0
2023-07-05,7.09,7.126,7.09,7.126,900,6413.400000000001,0.0,0.0,0.0,0.0,,7.13,0.0,0.0
2023-07-06,7.181,7.181,7.126,7.126,4100,29216.6,400.0,0.0,0.0,0.0,,7.13,0.0,0.0
2023-07-07,7.226,7.226,7.199,7.199,1200,8638.8,1100.0,0.0,10000.0,0.0,,7.13,0.01,0.0
2023-07-10,7.199,7.199,7.199,7.199,500,3599.5,0.0,0.0,0.0,0.0,,7.13,0.0,0.0
2023-07-11,7.081,7.081,6.899,6.899,2500,17247.5,0.0,2500.0,0.0,20000.0,,7.13,0.0,0.02
2023-07-12,7.253,7.253,7.172,7.172,200,1434.4,0.0,0.0,0.0,0.0,,7.13,0.0,0.0
2023-07-13,6.818,7.063,6.809,7.063,1400,9888.2,1200.0,0.0,10000.0,0.0,,7.13,0.01,0.0
2023-07-14,6.809,7.054,6.809,7.054,5400,38091.6,0.0,0.0,0.0,0.0,,7.13,0.0,0.0
2023-07-17,6.899,7.172,6.573,6.573,33100,217566.3,24400.0,0.0,190000.0,0.0,,7.13,0.19,0.0
2023-07-18,6.89,6.89,6.89,6.89,200,1378.0,0.0,0.0,0.0,0.0,,7.13,0.0,0.0
2023-07-19,6.809,6.809,6.799,6.809,7400,50386.6,7200.0,0.0,50000.0,0.0,,7.13,0.05,0.0
2023-07-20,7.072,7.081,7.072,7.081,11000,77891.0,0.0,0.0,0.0,0.0,,7.13,0.0,0.0
2023-07-21,7.081,7.217,6.899,7.208,11400,82171.2,10400.0,0.0,80000.0,0.0,,7.13,0.08,0.0
2023-07-24,7.562,7.562,7.262,7.262,3000,21786.0,0.0,0.0,0.0,0.0,,7.13,0.0,0.0
2023-07-25,7.172,7.217,7.172,7.217,1100,7938.7,0.0,0.0,0.0,0.0,,7.13,0.0,0.0
2023-07-26,7.081,7.262,7.081,7.262,700,5083.4,0.0,0.0,0.0,0.0,,7.13,0.0,0.0
2023-07-27,7.081,7.163,6.899,7.163,900,6446.7,0.0,0.0,0.0,0.0,,7.13,0.0,0.0
2023-07-28,7.635,7.635,7.607,7.607,900,6846.3,0.0,0.0,0.0,0.0,,7.13,0.0,0.0
2023-07-31,7.617,7.617,7.435,7.589,37400,283828.60000000003,0.0,0.0,0.0,0.0,,7.13,0.0,0.0
2023-08-01,7.181,7.526,7.181,7.526,200,1505.2,0.0,0.0,0.0,0.0,,7.13,0.0,0.0
2023-08-02,7.607,7.607,7.562,7.58,1400,10612.0,0.0,0.0,0.0,0.0,,7.13,0.0,0.0
2023-08-03,7.617,7.626,7.617,7.626,200,1525.2,0.0,0.0,0.0,0.0,,7.13,0.0,0.0
2023-08-04,7.626,7.626,7.626,7.626,0,0.0,0.0,0.0,0.0,0.0,,7.13,0.0,0.0
2023-08-07,7.889,7.889,7.181,7.716,2900,22376.4,0.0,0.0,0.0,0.0,,7.13,0.0,0.0
2023-08-08,7.716,7.716,7.716,7.716,0,0.0,0.0,0.0,0.0,0.0,,7.13,0.0,0.0
2023-08-09,7.353,7.48,7.353,7.353,1700,12500.1,0.0,0.0,0.0,0.0,,7.13,0.0,0.0
2023-08-10,7.526,7.526,7.526,7.526,10000,75260.0,0.0,0.0,0.0,0.0,,7.13,0.0,0.0
2023-08-11,7.262,7.262,7.262,7.262,200,1452.4,0.0,200.0,0.0,0.0,,7.13,0.0,0.0
2023-08-14,7.262,7.444,7.262,7.444,4100,30520.4,2400.0,0.0,20000.0,0.0,,7.13,0.02,0.0
2023-08-15,7.108,7.48,7.108,7.48,10100,75548.0,0.0,0.0,0.0,0.0,,7.13,0.0,0.0
2023-08-16,7.48,7.48,7.48,7.48,300,2244.0,0.0,0.0,0.0,0.0,,7.13,0.0,0.0
2023-08-17,7.471,7.607,7.471,7.58,9700,73526.0,9000.0,0.0,80000.0,0.0,,7.13,0.08,0.0
2023-08-18,7.154,7.154,7.144,7.144,1300,9287.2,0.0,0.0,0.0,0.0,,7.13,0.0,0.0
2023-08-21,7.072,7.09,6.745,6.745,500,3372.5,0.0,0.0,0.0,0.0,,7.13,0.0,0.0
2023-08-22,7.172,7.172,6.373,6.373,10700,68191.1,0.0,0.0,0.0,0.0,,7.13,0.0,0.0
2023-08-23,6.491,6.718,6.473,6.718,3200,21497.6,0.0,0.0,0.0,0.0,,7.13,0.0,0.0
2023-08-24,7.081,7.081,6.872,6.899,600,4139.4,0.0,0.0,0.0,0.0,,7.13,0.0,0.0
2023-08-25,7.026,7.026,6.999,6.999,200,1399.8,0.0,0.0,0.0,0.0,,7.13,0.0,0.0
2023-08-28,6.591,6.999,6.591,6.591,1200,7909.2,0.0,0.0,0.0,0.0,,7.13,0.0,0.0
2023-08-29,6.954,6.954,6.6,6.89,4600,31694.0,0.0,0.0,0.0,0.0,,7.13,0.0,0.0
2023-08-30,6.536,7.135,6.473,7.135,4400,31394.0,0.0,0.0,0.0,0.0,,7.13,0.0,0.0
2023-08-31,7.435,7.444,7.172,7.172,10200,73154.4,0.0,0.0,0.0,0.0,,7.13,0.0,0.0
2023-09-05,7.172,7.172,7.172,7.172,0,0.0,0.0,0.0,0.0,0.0,,7.13,0.0,0.0
2023-09-06,7.671,7.671,6.799,7.262,4400,31952.8,200.0,0.0,0.0,0.0,,7.13,0.0,0.0
2023-09-07,7.444,7.444,6.99,7.353,3700,27206.1,0.0,0.0,0.0,0.0,,7.13,0.0,0.0
2023-09-08,7.262,7.353,7.262,7.353,500,3676.5,0.0,0.0,0.0,0.0,,7.13,0.0,0.0
2023-09-11,7.344,7.362,7.054,7.353,10000,73530.0,0.0,200.0,0.0,0.0,,7.13,0.0,0.0
2023-09-12,6.845,7.371,6.845,7.353,2100,15441.3,0.0,0.0,0.0,0.0,,7.13,0.0,0.0
2023-09-13,7.253,7.253,7.253,7.253,5500,39891.5,5500.0,0.0,40000.0,0.0,,7.13,0.04,0.0
2023-09-14,7.253,7.253,7.253,7.253,0,0.0,0.0,0.0,0.0,0.0,,7.13,0.0,0.0
2023-09-15,7.244,7.253,7.244,7.253,800,5802.4,0.0,0.0,0.0,0.0,,7.13,0.0,0.0
2023-09-18,7.226,7.716,7.226,7.716,1178000,9089448.0,0.0,0.0,0.0,0.0,,7.13,0.0,0.0
2023-09-19,7.716,8.252,7.626,8.252,893500,7373162.000000001,0.0,0.0,0.0,0.0,,7.13,0.0,0.0
2023-09-20,8.824,8.824,8.679,8.824,130800,1154179.2,200.0,41100.0,0.0,400000.0,,7.13,0.0,0.4
2023-09-21,9.441,9.441,8.679,8.869,84700,751204.2999999999,200.0,20000.0,0.0,200000.0,,7.13,0.0,0.2
2023-09-22,8.352,8.897,8.252,8.397,66400,557560.8,0.0,0.0,0.0,0.0,,7.13,0.0,0.0
2023-09-25,8.443,8.443,7.816,7.816,58900,460362.4,0.0,0.0,0.0,0.0,,7.13,0.0,0.0
2023-09-26,7.444,8.17,7.444,8.17,372300,3041691.0,0.0,0.0,0.0,0.0,,7.13,0.0,0.0
2023-09-27,7.716,8.216,7.716,8.216,54100,444485.6,0.0,0.0,0.0,0.0,,7.13,0.0,0.0
2023-09-28,8.079,8.17,7.807,8.061,37400,301481.4,0.0,0.0,0.0,0.0,,7.13,0.0,0.0
2023-09-29,8.07,8.17,7.716,8.134,60000,488040.0,0.0,0.0,0.0,0.0,,7.13,0.0,0.0
2023-10-02,7.989,8.261,7.898,8.243,47800,394015.4,0.0,0.0,0.0,0.0,,7.13,0.0,0.0
2023-10-03,8.243,8.297,7.989,8.261,80500,665010.4999999999,0.0,0.0,0.0,0.0,,7.13,0.0,0.0
2023-10-04,8.216,8.306,8.079,8.306,66500,552349.0,0.0,0.0,0.0,0.0,,7.13,0.0,0.0
2023-10-05,8.261,8.306,8.061,8.252,51000,420852.00000000006,0.0,0.0,0.0,0.0,,7.13,0.0,0.0
2023-10-06,8.252,8.261,8.043,8.043,24200,194640.6,0.0,0.0,0.0,0.0,,7.13,0.0,0.0
2023-10-09,8.043,8.043,7.807,8.034,386100,3101927.4000000004,0.0,0.0,0.0,0.0,,7.13,0.0,0.0
2023-10-10,8.025,8.533,8.025,8.17,44700,365199.0,0.0,0.0,0.0,0.0,,7.13,0.0,0.0
2023-10-11,8.406,8.624,7.989,8.288,74200,614969.6,0.0,0.0,0.0,0.0,,7.13,0.0,0.0
2023-10-12,8.261,8.352,8.179,8.306,54800,455168.79999999993,0.0,0.0,0.0,0.0,,7.13,0.0,0.0
2023-10-13,8.261,8.306,8.079,8.297,35300,292884.10000000003,0.0,0.0,0.0,0.0,,7.13,0.0,0.0
2023-10-16,8.297,8.297,8.261,8.288,64500,534576.0,0.0,0.0,0.0,0.0,,7.13,0.0,0.0
2023-10-17,8.306,8.334,7.989,8.17,137100,1120107.0,0.0,0.0,0.0,0.0,,7.13,0.0,0.0
2023-10-18,8.17,8.27,7.807,7.807,63300,494183.1,0.0,0.0,0.0,0.0,,7.13,0.0,0.0
2023-10-19,7.807,8.17,7.716,8.152,84000,684767.9999999999,0.0,0.0,0.0,0.0,,7.13,0.0,0.0
2023-10-20,7.989,8.17,7.716,8.152,355200,2895590.4,0.0,0.0,0.0,0.0,,7.13,0.0,0.0
2023-10-23,8.17,8.207,7.989,8.161,119400,974423.4,0.0,0.0,0.0,0.0,,7.13,0.0,0.0
2023-10-24,7.907,8.216,7.907,8.17,109200,892164.0,0.0,0.0,0.0,0.0,,7.13,0.0,0.0
2023-10-25,8.161,8.198,8.125,8.17,81000,661770.0,0.0,0.0,0.0,0.0,,7.13,0.0,0.0
2023-10-26,8.17,8.17,7.807,8.034,53100,426605.4,0.0,0.0,0.0,0.0,,7.13,0.0,0.0
2023-10-27,7.98,8.034,7.98,8.034,10700,85963.8,0.0,0.0,0.0,0.0,,7.13,0.0,0.0
2023-10-30,7.989,8.034,7.626,7.762,92700,719537.3999999999,0.0,0.0,0.0,0.0,,7.13,0.0,0.0
2023-10-31,8.016,8.016,7.716,7.989,51800,413830.2,0.0,0.0,0.0,0.0,,7.13,0.0,0.0
2023-11-01,7.807,8.016,7.807,8.016,117400,941078.4,0.0,0.0,0.0,0.0,,7.13,0.0,0.0
2023-11-02,8.079,8.079,7.853,8.052,83400,671536.7999999999,0.0,0.0,0.0,0.0,,7.13,0.0,0.0
2023-11-03,8.143,8.143,7.88,8.052,264400,2128948.8,0.0,0.0,0.0,0.0,,7.13,0.0,0.0
2023-11-06,8.161,8.216,8.079,8.17,242500,1981225.0,0.0,0.0,0.0,0.0,,7.13,0.0,0.0
2023-11-07,8.17,8.216,8.17,8.17,25300,206701.0,0.0,0.0,0.0,0.0,,7.13,0.0,0.0
2023-11-08,8.161,8.17,7.925,8.161,49100,400705.1,0.0,0.0,0.0,0.0,,7.13,0.0,0.0
2023-11-09,8.152,8.343,8.152,8.188,46000,376648.0,0.0,0.0,0.0,0.0,,7.13,0.0,0.0
2023-11-10,8.261,8.261,8.17,8.261,44900,370918.9,0.0,0.0,0.0,0.0,,7.13,0.0,0.0
2023-11-13,8.261,8.261,8.225,8.225,37800,310905.0,0.0,0.0,0.0,0.0,,7.13,0.0,0.0
2023-11-14,8.116,8.306,8.116,8.225,30500,250862.5,0.0,0.0,0.0,0.0,,7.13,0.0,0.0
2023-11-15,8.443,8.533,8.352,8.352,103300,862761.6,0.0,0.0,0.0,0.0,,7.13,0.0,0.0
2023-11-16,8.533,8.533,8.261,8.352,22600,188755.2,0.0,0.0,0.0,0.0,,7.13,0.0,0.0
2023-11-17,8.089,8.552,8.089,8.515,109800,934947.0,0.0,0.0,0.0,0.0,,7.13,0.0,0.0
2023-11-20,8.37,8.533,8.279,8.524,35700,304306.8,0.0,0.0,0.0,0.0,,7.13,0.0,0.0
2023-11-21,8.443,8.806,8.443,8.806,190600,1678423.6,0.0,0.0,0.0,0.0,,7.13,0.0,0.0
2023-11-22,8.806,8.897,8.715,8.897,113000,1005361.0,0.0,0.0,0.0,0.0,,7.13,0.0,0.0
2023-11-23,8.887,8.887,8.806,8.806,43700,384822.2,0.0,0.0,0.0,0.0,,7.13,0.0,0.0
2023-11-24,8.806,8.806,8.76,8.788,26800,235518.4,0.0,0.0,0.0,0.0,,7.13,0.0,0.0
2023-11-27,8.903,8.999,8.836,8.999,61200,550738.8,0.0,0.0,0.0,0.0,,7.13,0.0,0.0
2023-11-28,9.027,9.075,8.807,8.807,29100,256283.7,0.0,0.0,0.0,0.0,,7.13,0.0,0.0
2023-11-29,8.807,8.903,8.664,8.903,90900,809282.7000000001,0.0,0.0,0.0,0.0,,7.13,0.0,0.0
2023-11-30,8.903,8.979,8.884,8.979,47900,430094.1,0.0,0.0,0.0,0.0,,7.13,0.0,0.0
2023-12-01,8.979,9.027,8.951,8.999,40300,362659.7,0.0,0.0,0.0,0.0,,7.13,0.0,0.0
2023-12-04,9.046,9.621,8.999,9.573,650900,6231065.7,0.0,0.0,0.0,0.0,,7.13,0.0,0.0
2023-12-05,9.573,9.717,9.41,9.429,140500,1324774.5,75000.0,0.0,750000.0,0.0,,7.13,0.75,0.0
2023-12-06,9.477,9.554,9.429,9.525,58900,561022.5,0.0,0.0,0.0,0.0,,7.13,0.0,0.0
2023-12-07,9.525,9.573,9.477,9.525,181900,1732597.5,13000.0,0.0,130000.0,0.0,,7.13,0.13,0.0
2023-12-08,9.525,9.573,9.477,9.477,135800,1286976.6,0.0,0.0,0.0,0.0,,7.13,0.0,0.0
2023-12-11,9.477,9.477,9.382,9.458,15700,148490.6,0.0,0.0,0.0,0.0,,7.13,0.0,0.0
2023-12-12,9.458,9.487,9.458,9.487,19900,188791.3,0.0,0.0,0.0,0.0,,7.13,0.0,0.0
2023-12-13,9.477,9.477,9.468,9.468,4700,44499.6,0.0,0.0,0.0,0.0,,7.13,0.0,0.0
2023-12-14,9.468,10.1,9.468,10.1,273900,2766390.0,0.0,0.0,0.0,0.0,,7.13,0.0,0.0
2023-12-15,10.53,10.77,10.53,10.77,330800,3562716.0,0.0,0.0,0.0,0.0,,7.13,0.0,0.0
2023-12-18,10.77,11.44,10.674,10.817,62100,671735.7,0.0,0.0,0.0,0.0,,7.13,0.0,0.0
2023-12-19,10.817,11.009,10.53,10.961,142400,1560846.4,0.0,0.0,0.0,0.0,,7.13,0.0,0.0
2023-12-20,10.961,10.961,10.387,10.387,101000,1049087.0,0.0,0.0,0.0,0.0,,7.13,0.0,0.0
2023-12-21,10.435,10.722,10.339,10.722,146000,1565412.0,0.0,0.0,0.0,0.0,,7.13,0.0,0.0
2023-12-22,10.722,11.44,10.722,11.057,127500,1409767.5,0.0,0.0,0.0,0.0,,7.13,0.0,0.0
2023-12-25,11.057,11.057,10.865,10.865,56500,613872.5,0.0,0.0,0.0,0.0,,7.13,0.0,0.0
2023-12-26,10.865,11.009,10.722,11.009,59700,657237.3,0.0,0.0,0.0,0.0,,7.13,0.0,0.0
2023-12-27,11.009,11.583,10.817,11.296,231800,2618412.8,0.0,0.0,0.0,0.0,,7.13,0.0,0.0
2023-12-28,11.296,11.296,11.105,11.153,48700,543151.1,3500.0,0.0,40000.0,0.0,,7.13,0.04,0.0
2023-12-29,11.153,11.153,10.53,10.913,148700,1622763.1,0.0,0.0,0.0,0.0,,7.13,0.0,0.0
2024-01-02,10.913,11.057,10.53,11.009,129700,1427867.3,7500.0,0.0,90000.0,0.0,,7.13,0.09,0.0
2024-01-03,11.009,11.153,10.913,11.009,61900,681457.1,2700.0,0.0,30000.0,0.0,,7.13,0.03,0.0
2024-01-04,11.009,11.057,10.387,11.009,176300,1940886.7,300.0,0.0,0.0,0.0,,7.13,0.0,0.0
2024-01-05,10.961,11.057,10.722,10.817,73900,799376.3,0.0,0.0,0.0,0.0,,7.13,0.0,0.0
2024-01-08,10.817,10.817,10.626,10.722,94500,1013229.0,0.0,0.0,0.0,0.0,,7.13,0.0,0.0
2024-01-09,10.722,10.722,10.482,10.53,64700,681291.0,0.0,0.0,0.0,0.0,,7.13,0.0,0.0
2024-01-10,10.53,11.009,10.53,10.674,53100,566789.4,0.0,0.0,0.0,0.0,,7.13,0.0,0.0
2024-01-11,10.626,10.626,10.482,10.53,9900,104247.0,0.0,0.0,0.0,0.0,,7.13,0.0,0.0
2024-01-12,10.482,10.53,9.86,10.53,78400,825552.0,0.0,0.0,0.0,0.0,,7.13,0.0,0.0
2024-01-15,10.53,10.53,10.339,10.339,6700,69271.3,0.0,0.0,0.0,0.0,,7.13,0.0,0.0
2024-01-16,10.339,10.339,10.1,10.147,68300,693040.1,0.0,0.0,0.0,0.0,,7.13,0.0,0.0
2024-01-17,10.147,10.243,10.052,10.147,29100,295277.7,0.0,0.0,0.0,0.0,,7.13,0.0,0.0
2024-01-18,10.147,10.53,10.004,10.243,80500,824561.5,0.0,0.0,0.0,0.0,,7.13,0.0,0.0
2024-01-19,10.243,10.339,10.243,10.243,11500,117794.5,2000.0,0.0,20000.0,0.0,,7.13,0.02,0.0
2024-01-22,10.243,10.53,10.052,10.482,53700,562883.3999999999,0.0,0.0,0.0,0.0,,7.13,0.0,0.0
2024-01-23,10.482,10.53,10.387,10.53,146300,1540539.0,0.0,0.0,0.0,0.0,,7.13,0.0,0.0
2024-01-24,10.53,11.009,10.387,11.009,111100,1223099.9,1600.0,0.0,20000.0,0.0,,7.13,0.02,0.0
2024-01-25,11.009,11.009,10.865,10.913,369800,4035627.4,10000.0,0.0,120000.0,0.0,,7.13,0.12,0.0
2024-01-26,10.865,10.961,10.674,10.674,55300,590272.2,0.0,0.0,0.0,0.0,,7.13,0.0,0.0
2024-01-29,10.674,10.674,10.626,10.626,5300,56317.8,0.0,0.0,0.0,0.0,,7.13,0.0,0.0
2024-01-30,10.626,10.626,10.578,10.626,104800,1113604.8,0.0,0.0,0.0,0.0,,7.13,0.0,0.0
2024-01-31,10.626,10.626,10.53,10.53,3400,35802.0,0.0,0.0,0.0,0.0,,7.13,0.0,0.0
2024-02-01,10.53,10.53,10.243,10.53,17500,184275.0,0.0,0.0,0.0,0.0,,7.13,0.0,0.0
2024-02-02,10.53,10.53,9.86,10.53,36100,380133.0,0.0,0.0,0.0,0.0,,7.13,0.0,0.0
2024-02-05,10.53,10.77,10.291,10.578,21200,224253.6,0.0,3200.0,0.0,30000.0,,7.13,0.0,0.03
2024-02-06,10.578,10.77,10.53,10.722,68800,737673.6,0.0,1800.0,0.0,20000.0,,7.13,0.0,0.02
2024-02-07,10.722,10.77,10.674,10.77,58200,626814.0,0.0,2500.0,0.0,30000.0,,7.13,0.0,0.03
2024-02-15,10.77,11.488,10.77,11.2,191600,2145920.0,0.0,1300.0,0.0,20000.0,,7.13,0.0,0.02
2024-02-16,11.2,11.2,10.53,11.009,203700,2242533.3000000003,3200.0,5200.0,40000.0,60000.0,,7.13,0.04,0.06
2024-02-19,11.009,11.009,10.243,10.243,209300,2143859.9,0.0,0.0,0.0,0.0,,7.13,0.0,0.0
2024-02-20,9.956,9.956,9.535,9.764,278800,2722203.2,0.0,0.0,0.0,0.0,,7.13,0.0,0.0
2024-02-21,9.573,9.86,9.573,9.764,142500,1391370.0,0.0,0.0,0.0,0.0,,7.13,0.0,0.0
2024-02-22,9.573,9.956,9.554,9.764,195700,1910814.8,0.0,0.0,0.0,0.0,,7.13,0.0,0.0
2024-02-23,9.573,9.764,9.535,9.573,185700,1777706.1,0.0,0.0,0.0,0.0,,7.13,0.0,0.0
2024-02-26,9.477,9.669,9.382,9.669,115400,1115802.6,0.0,0.0,0.0,0.0,,7.13,0.0,0.0
2024-02-27,9.669,9.764,9.439,9.669,234500,2267380.5,0.0,0.0,0.0,0.0,,7.13,0.0,0.0
2024-02-28,9.573,9.669,9.382,9.669,146000,1411674.0,0.0,0.0,0.0,0.0,,7.13,0.0,0.0
2024-02-29,9.525,9.525,9.372,9.477,160400,1520110.8,0.0,0.0,0.0,0.0,,7.13,0.0,0.0
2024-03-01,9.477,9.669,9.429,9.669,269000,2600961.0,0.0,2600.0,0.0,30000.0,,7.13,0.0,0.03
2024-03-04,9.573,9.669,8.999,9.621,375100,3608837.1,0.0,600.0,0.0,10000.0,,7.13,0.0,0.01
2024-03-05,9.563,9.573,8.951,9.573,350600,3356293.8000000003,0.0,0.0,0.0,0.0,,7.13,0.0,0.0
2024-03-06,9.563,9.563,8.903,9.238,203700,1881780.6,0.0,0.0,0.0,0.0,,7.13,0.0,0.0
2024-03-07,8.903,9.094,8.597,8.597,160400,1378958.7999999998,1000.0,0.0,10000.0,0.0,,7.13,0.01,0.0
2024-03-08,8.52,8.52,8.003,8.051,185800,1495875.8,500.0,0.0,0.0,0.0,,7.13,0.0,0.0
2024-03-11,7.993,8.606,7.802,8.606,512400,4409714.4,800.0,1000.0,10000.0,10000.0,,7.13,0.01,0.01
2024-03-12,8.893,9.094,8.616,8.903,238600,2124255.8000000003,0.0,0.0,0.0,0.0,,7.13,0.0,0.0
2024-03-13,8.711,9.525,8.616,9.477,386400,3661912.8,0.0,0.0,0.0,0.0,,7.13,0.0,0.0
2024-03-14,9.477,9.525,8.884,9.286,233000,2163638.0,0.0,1300.0,0.0,10000.0,,7.13,0.0,0.01
2024-03-15,8.731,9.286,8.731,9.19,207100,1903249.0,0.0,0.0,0.0,0.0,,7.13,0.0,0.0
2024-03-18,9.094,9.382,8.951,9.276,210000,1947960.0,200.0,0.0,0.0,0.0,,7.13,0.0,0.0
2024-03-19,9.19,9.276,8.635,8.807,350900,3090376.3000000003,0.0,0.0,0.0,0.0,,7.13,0.0,0.0
2024-03-20,8.759,8.999,8.194,8.52,484300,4126236.0,0.0,0.0,0.0,0.0,,7.13,0.0,0.0
2024-03-21,8.52,8.568,8.137,8.424,304100,2561738.4,0.0,0.0,0.0,0.0,,7.13,0.0,0.0
2024-03-22,8.424,8.443,8.089,8.424,336900,2838045.6,0.0,0.0,0.0,0.0,,7.13,0.0,0.0
2024-03-25,8.424,8.434,7.84,8.137,557100,4533122.7,0.0,0.0,0.0,0.0,,7.13,0.0,0.0
2024-03-26,8.137,8.137,7.754,8.108,323900,2626181.2,0.0,0.0,0.0,0.0,,7.13,0.0,0.0
2024-03-27,8.041,8.041,7.582,7.582,328300,2489170.6,0.0,0.0,0.0,0.0,,7.13,0.0,0.0
2024-03-28,7.658,7.85,7.658,7.85,364000,2857400.0,0.0,0.0,0.0,0.0,,7.13,0.0,0.0
2024-03-29,7.85,7.898,7.582,7.85,508300,3990155.0,0.0,0.0,0.0,0.0,,7.13,0.0,0.0
2024-04-01,7.754,7.85,7.524,7.524,363200,2732716.8,0.0,0.0,0.0,0.0,,7.13,0.0,0.0
2024-04-02,7.467,7.658,7.275,7.658,486800,3727914.4,0.0,0.0,0.0,0.0,,7.13,0.0,0.0
2024-04-03,7.611,7.85,7.122,7.85,898900,7056365.0,0.0,0.0,0.0,0.0,,7.13,0.0,0.0
2024-04-04,7.754,7.754,7.371,7.658,379100,2903147.8000000003,0.0,0.0,0.0,0.0,,7.13,0.0,0.0
2024-04-05,7.658,7.658,7.122,7.457,572700,4270623.9,0.0,0.0,0.0,0.0,,7.13,0.0,0.0
2024-04-08,7.371,7.371,7.084,7.275,228300,1660882.5,0.0,0.0,0.0,0.0,,7.13,0.0,0.0
2024-04-09,7.18,7.256,6.797,6.988,309000,2159292.0,0.0,0.0,0.0,0.0,,7.13,0.0,0.0
2024-04-10,6.806,7.084,6.806,6.931,186300,1291245.3,0.0,0.0,0.0,0.0,,7.13,0.0,0.0
2024-04-11,6.931,7.18,6.558,7.18,522400,3750832.0,0.0,0.0,0.0,0.0,,7.13,0.0,0.0
2024-04-12,7.247,7.275,7.046,7.256,417200,3027203.2,0.0,0.0,0.0,0.0,,7.13,0.0,0.0
2024-04-15,7.256,7.256,6.749,7.132,352000,2510464.0,0.0,0.0,0.0,0.0,,7.13,0.0,0.0
2024-04-16,7.074,7.275,6.701,7.275,348500,2535337.5,0.0,0.0,0.0,0.0,,7.13,0.0,0.0
2024-04-17,7.275,7.275,6.797,7.275,340500,2477137.5,0.0,0.0,0.0,0.0,,7.13,0.0,0.0
2024-04-19,6.988,7.122,6.768,6.988,463700,3240335.6,0.0,0.0,0.0,0.0,,7.13,0.0,0.0
2024-04-22,6.893,7.036,6.749,6.988,353800,2472354.4000000004,0.0,0.0,0.0,0.0,,7.13,0.0,0.0
2024-04-23,6.797,6.893,6.682,6.893,376400,2594525.2,50000.0,0.0,360000.0,0.0,,7.13,0.36,0.0
2024-04-24,6.797,7.18,6.797,7.074,457400,3235647.6,12700.0,0.0,90000.0,0.0,,7.13,0.09,0.0
2024-04-25,6.988,7.094,6.749,6.931,446400,3093998.4,2900.0,0.0,20000.0,0.0,,7.13,0.02,0.0
2024-04-26,6.893,6.921,6.701,6.921,353400,2445881.4,4300.0,0.0,30000.0,0.0,,7.13,0.03,0.0
2024-05-02,6.931,6.94,6.749,6.893,357200,2462179.6,0.0,4500.0,0.0,30000.0,,7.13,0.0,0.03
2024-05-03,6.873,6.873,6.701,6.711,342000,2295162.0,0.0,10000.0,0.0,70000.0,,7.13,0.0,0.07
2024-05-06,6.711,6.806,6.711,6.797,446400,3034180.8,90200.0,600.0,640000.0,0.0,,7.13,0.64,0.0
2024-05-07,6.816,6.816,6.701,6.73,379200,2552016.0,69200.0,0.0,490000.0,0.0,,7.13,0.49,0.0
2024-05-08,6.749,6.749,6.558,6.653,612500,4074962.5,21800.0,800.0,150000.0,10000.0,,7.13,0.15,0.01
2024-05-09,6.701,6.749,6.558,6.596,653700,4311805.2,800.0,40800.0,10000.0,280000.0,,7.13,0.01,0.28
2024-05-10,6.596,6.596,6.51,6.538,293600,1919556.8,0.0,50300.0,0.0,340000.0,,7.13,0.0,0.34
2024-05-13,6.538,6.893,6.529,6.845,682300,4670343.5,100200.0,15400.0,700000.0,110000.0,,7.13,0.7,0.11
2024-05-14,6.893,6.893,6.672,6.739,458700,3091179.3,65800.0,9800.0,460000.0,70000.0,,7.13,0.46,0.07
2024-05-15,6.835,6.835,6.558,6.586,391400,2577760.4,1500.0,30500.0,10000.0,210000.0,,7.13,0.01,0.21
2024-05-16,6.605,6.653,6.222,6.318,797000,5035446.0,37400.0,36700.0,240000.0,250000.0,,7.13,0.24,0.25
2024-05-17,6.318,6.366,6.222,6.251,533800,3336783.8000000003,0.0,38700.0,0.0,250000.0,,7.13,0.0,0.25
2024-05-20,6.318,6.538,6.318,6.538,277000,1811026.0,44500.0,0.0,300000.0,0.0,,7.13,0.3,0.0
2024-05-21,6.644,6.644,6.347,6.538,522400,3415451.2,4800.0,13000.0,30000.0,90000.0,,7.13,0.03,0.09
2024-05-22,6.51,6.538,6.376,6.414,441800,2833705.2,9000.0,25600.0,60000.0,170000.0,,7.13,0.06,0.17
2024-05-23,6.414,6.443,6.376,6.414,346300,2221168.2,13600.0,7400.0,90000.0,50000.0,,7.13,0.09,0.05
2024-05-24,6.433,6.854,6.433,6.854,1420500,9736107.0,104900.0,94300.0,740000.0,670000.0,,7.13,0.74,0.67
2024-05-27,6.883,7.084,6.826,6.845,291400,1994633.0,25800.0,24800.0,190000.0,180000.0,,7.13,0.19,0.18
2024-05-28,6.797,6.988,6.73,6.73,368400,2479332.0,14600.0,26700.0,100000.0,190000.0,,7.13,0.1,0.19
2024-05-29,6.835,6.835,6.653,6.701,338100,2265608.1,3800.0,24700.0,30000.0,170000.0,,7.13,0.03,0.17
2024-05-30,6.701,6.893,6.663,6.845,482600,3303397.0,23500.0,33000.0,170000.0,230000.0,,7.13,0.17,0.23
2024-05-31,6.873,6.921,6.797,6.893,378400,2608311.2,37600.0,8700.0,270000.0,60000.0,,7.13,0.27,0.06
2024-06-03,6.902,7.036,6.893,6.95,482200,3351290.0,59700.0,500.0,430000.0,0.0,,7.13,0.43,0.0
2024-06-04,6.988,7.036,6.845,6.845,214700,1469621.5,600.0,26900.0,0.0,190000.0,,7.13,0.0,0.19
2024-06-05,6.893,6.893,6.749,6.778,292900,1985276.2,100.0,28700.0,0.0,200000.0,,7.13,0.0,0.2
2024-06-06,6.797,6.797,6.73,6.749,185600,1252614.4,0.0,7400.0,0.0,50000.0,,7.13,0.0,0.05
2024-06-07,6.72,6.797,6.72,6.749,99800,673550.2,0.0,8600.0,0.0,60000.0,,7.13,0.0,0.06
2024-06-10,6.749,6.835,6.749,6.749,105700,713369.2999999999,3000.0,8000.0,20000.0,60000.0,,7.13,0.02,0.06
2024-06-11,6.749,6.759,6.701,6.711,339900,2281068.9,0.0,30700.0,0.0,220000.0,,7.13,0.0,0.22
2024-06-12,6.692,6.72,6.567,6.682,306600,2048701.2,11600.0,22900.0,80000.0,160000.0,,7.13,0.08,0.16
2024-06-13,6.701,6.73,6.615,6.701,148800,997108.8,1400.0,37900.0,10000.0,260000.0,,7.13,0.01,0.26
2024-06-14,6.711,6.711,6.605,6.615,196400,1299186.0,0.0,46300.0,0.0,320000.0,,7.13,0.0,0.32
2024-06-17,6.605,6.711,6.577,6.711,196900,1321395.9,0.0,39200.0,0.0,270000.0,,7.13,0.0,0.27
2024-06-18,6.711,6.787,6.711,6.73,179800,1210054.0,100.0,100.0,0.0,0.0,,7.13,0.0,0.0
2024-06-19,6.73,6.73,6.672,6.701,204400,1369684.4,0.0,0.0,0.0,0.0,,7.13,0.0,0.0
2024-06-20,6.749,6.893,6.625,6.893,293200,2021027.6,0.0,400.0,0.0,0.0,,7.13,0.0,0.0
2024-06-21,6.893,7.256,6.893,7.18,781000,5607580.0,9800.0,100.0,70000.0,0.0,,7.13,0.07,0.0
2024-06-24,7.132,7.17,6.787,6.893,358700,2472519.1,0.0,100.0,0.0,0.0,,7.13,0.0,0.0
2024-06-25,6.893,7.084,6.778,6.816,513500,3500016.0,0.0,0.0,0.0,0.0,,7.13,0.0,0.0
2024-06-26,6.883,6.883,6.682,6.749,235700,1590739.2999999998,2000.0,600.0,10000.0,0.0,,7.13,0.01,0.0
2024-06-27,6.797,6.797,6.644,6.701,323400,2167103.4,3000.0,0.0,20000.0,0.0,,7.13,0.02,0.0
2024-06-28,6.663,6.663,6.414,6.452,298700,1927212.4,14000.0,0.0,90000.0,0.0,,7.13,0.09,0.0
2024-07-01,6.366,6.471,6.318,6.471,218800,1415854.8,12400.0,0.0,80000.0,0.0,,7.13,0.08,0.0
2024-07-02,6.471,6.558,6.414,6.49,187100,1214279.0,42200.0,0.0,290000.0,0.0,,7.13,0.29,0.0
2024-07-03,6.596,6.605,6.414,6.548,215800,1413058.4,300.0,0.0,0.0,0.0,,7.13,0.0,0.0
2024-07-04,6.558,6.558,6.433,6.433,238300,1532983.9,0.0,0.0,0.0,0.0,,7.13,0.0,0.0
2024-07-05,6.452,6.462,6.27,6.356,338500,2151506.0,0.0,0.0,0.0,0.0,,7.13,0.0,0.0
2024-07-08,6.356,6.433,6.318,6.433,208800,1343210.4,0.0,0.0,0.0,0.0,,7.13,0.0,0.0
2024-07-09,6.471,6.5,6.443,6.5,277100,1801150.0,5400.0,0.0,40000.0,0.0,,7.13,0.04,0.0
2024-07-10,6.5,6.5,6.414,6.481,355700,2305291.7,0.0,0.0,0.0,0.0,,7.13,0.0,0.0
2024-07-11,6.49,6.644,6.462,6.51,215600,1403556.0,0.0,0.0,0.0,0.0,,7.13,0.0,0.0
2024-07-12,6.558,6.634,6.481,6.51,430800,2804508.0,0.0,4300.0,0.0,30000.0,,7.13,0.0,0.03
2024-07-15,6.51,6.577,6.481,6.51,226500,1474515.0,0.0,1100.0,0.0,10000.0,,7.13,0.0,0.01
2024-07-16,6.538,6.605,6.51,6.558,208300,1366031.4,0.0,0.0,0.0,0.0,,7.13,0.0,0.0
2024-07-17,6.519,6.538,6.376,6.443,151000,972893.0,0.0,0.0,0.0,0.0,,7.13,0.0,0.0
2024-07-18,6.5,6.5,6.395,6.443,221300,1425835.9,0.0,0.0,0.0,0.0,,7.13,0.0,0.0
2024-07-19,6.443,6.462,6.395,6.395,131600,841582.0,0.0,0.0,0.0,0.0,,7.13,0.0,0.0
2024-07-22,6.443,6.605,6.443,6.605,348100,2299200.5,0.0,0.0,0.0,0.0,,7.13,0.0,0.0
2024-07-23,6.605,6.854,6.605,6.749,471900,3184853.1,0.0,200.0,0.0,0.0,,7.13,0.0,0.0
2024-07-24,6.72,6.826,6.701,6.72,180100,1210272.0,4800.0,0.0,30000.0,0.0,,7.13,0.03,0.0
2024-07-25,6.787,6.845,6.663,6.749,230500,1555644.5,0.0,0.0,0.0,0.0,,7.13,0.0,0.0
2024-07-26,6.672,6.749,6.663,6.663,103200,687621.6,200.0,0.0,0.0,0.0,,7.13,0.0,0.0
2024-07-29,6.682,6.73,6.653,6.682,146300,977576.6,100.0,3300.0,0.0,20000.0,,7.13,0.0,0.02
2024-07-30,6.634,6.653,6.519,6.596,157000,1035572.0,0.0,300.0,0.0,0.0,,7.13,0.0,0.0
2024-07-31,6.596,6.625,6.529,6.586,89700,590764.2000000001,0.0,400.0,0.0,0.0,,7.13,0.0,0.0
2024-08-01,6.558,6.558,6.376,6.376,84200,536859.2000000001,900.0,100.0,10000.0,0.0,,7.13,0.01,0.0
2024-08-02,6.376,6.51,6.318,6.51,129800,844998.0,0.0,1000.0,0.0,10000.0,,7.13,0.0,0.01
2024-08-05,6.5,6.5,6.289,6.366,296000,1884336.0,1000.0,20000.0,10000.0,130000.0,,7.13,0.01,0.13
2024-08-06,6.366,6.414,6.309,6.414,57000,365598.0,0.0,5000.0,0.0,30000.0,,7.13,0.0,0.03
2024-08-07,6.414,6.433,6.376,6.404,245200,1570260.8,0.0,200.0,0.0,0.0,,7.13,0.0,0.0
2024-08-08,6.404,6.404,6.395,6.404,45900,293943.6,0.0,0.0,0.0,0.0,,7.13,0.0,0.0
2024-08-09,6.644,6.644,6.404,6.414,49800,319417.2,0.0,0.0,0.0,0.0,,7.13,0.0,0.0
2024-08-12,6.538,6.538,6.423,6.423,24200,155436.6,0.0,0.0,0.0,0.0,,7.13,0.0,0.0
2024-08-13,6.423,6.51,6.414,6.423,35200,226089.6,0.0,2000.0,0.0,10000.0,,7.13,0.0,0.01
2024-08-14,6.423,6.433,6.385,6.385,29500,188357.5,0.0,0.0,0.0,0.0,,7.13,0.0,0.0
2024-08-15,6.395,6.414,6.232,6.395,26600,170107.0,0.0,0.0,0.0,0.0,,7.13,0.0,0.0
2024-08-16,6.414,6.481,6.395,6.471,164900,1067067.9,2300.0,0.0,20000.0,0.0,,7.13,0.02,0.0
2024-08-19,6.567,6.567,6.471,6.481,38000,246278.0,0.0,0.0,0.0,0.0,,7.13,0.0,0.0
2024-08-20,6.481,6.51,6.414,6.443,102900,662984.7,0.0,19300.0,0.0,130000.0,,7.13,0.0,0.13
2024-08-21,6.443,6.596,6.433,6.596,393400,2594866.4,0.0,1700.0,0.0,10000.0,,7.13,0.0,0.01
2024-08-22,6.605,6.653,6.558,6.596,213400,1407586.4,0.0,0.0,0.0,0.0,,7.13,0.0,0.0
2024-08-23,6.548,6.615,6.481,6.481,375100,2431023.1,0.0,600.0,0.0,0.0,,7.13,0.0,0.0
2024-08-26,6.586,6.672,6.577,6.634,120200,797406.8,0.0,0.0,0.0,0.0,,7.13,0.0,0.0
2024-08-27,6.596,6.653,6.538,6.653,116900,777735.7,0.0,0.0,0.0,0.0,,7.13,0.0,0.0
2024-08-28,6.653,6.682,6.596,6.663,198900,1325270.7,0.0,0.0,0.0,0.0,,7.13,0.0,0.0
2024-08-29,6.663,7.007,6.663,7.007,921600,6457651.199999999,0.0,0.0,0.0,0.0,,7.13,0.0,0.0
2024-08-30,7.074,7.457,7.065,7.438,744300,5536103.399999999,0.0,2500.0,0.0,20000.0,,7.13,0.0,0.02
2024-09-04,7.419,7.563,7.084,7.237,406500,2941840.5,0.0,8600.0,0.0,70000.0,,7.13,0.0,0.07
2024-09-05,7.247,7.275,7.084,7.208,332000,2393056.0,0.0,21300.0,0.0,160000.0,,7.13,0.0,0.16
2024-09-06,7.208,7.208,7.094,7.18,185000,1328300.0,0.0,200.0,0.0,0.0,,7.13,0.0,0.0
2024-09-09,7.18,7.371,6.998,7.371,752900,5549625.9,0.0,0.0,0.0,0.0,,7.13,0.0,0.0
2024-09-10,7.496,7.496,7.17,7.275,373800,2719395.0,0.0,0.0,0.0,0.0,,7.13,0.0,0.0
2024-09-11,7.275,7.342,7.084,7.323,271500,1988194.5,0.0,0.0,0.0,0.0,,7.13,0.0,0.0
2024-09-12,7.323,7.591,7.228,7.591,326700,2479979.7,0.0,0.0,0.0,0.0,,7.13,0.0,0.0
2024-09-13,7.591,7.658,7.496,7.611,637700,4853534.7,0.0,0.0,0.0,0.0,,7.13,0.0,0.0
2024-09-16,7.658,7.658,7.084,7.639,595000,4545205.0,0.0,0.0,0.0,0.0,,7.13,0.0,0.0
2024-09-17,7.39,7.639,7.39,7.524,160500,1207602.0,0.0,0.0,0.0,0.0,,7.13,0.0,0.0
2024-09-18,7.524,7.658,7.467,7.544,366000,2761104.0,0.0,0.0,0.0,0.0,,7.13,0.0,0.0
2024-09-19,7.544,7.544,7.237,7.448,499200,3718041.6,0.0,250000.0,0.0,1910000.0,,7.13,0.0,1.91
2024-09-20,7.448,7.477,7.333,7.333,100400,736233.2000000001,0.0,0.0,0.0,0.0,,7.13,0.0,0.0
2024-09-23,7.247,7.831,7.247,7.802,996300,7773132.6,0.0,0.0,0.0,0.0,,7.13,0.0,0.0
2024-09-24,7.802,7.85,7.658,7.754,347200,2692188.8,0.0,0.0,0.0,0.0,,7.13,0.0,0.0
2024-09-25,7.754,7.754,7.553,7.706,399700,3080088.2,0.0,0.0,0.0,0.0,,7.13,0.0,0.0
2024-09-26,7.687,7.687,7.275,7.639,362200,2766845.8000000003,0.0,0.0,0.0,0.0,,7.13,0.0,0.0
2024-09-27,7.745,7.85,7.477,7.639,547500,4182352.5,0.0,0.0,0.0,0.0,,7.13,0.0,0.0
2024-09-30,7.649,7.754,7.477,7.611,263800,2007781.8,0.0,0.0,0.0,0.0,,7.13,0.0,0.0
2024-10-01,7.563,8.137,7.477,8.127,1297200,10542344.4,0.0,0.0,0.0,0.0,,7.13,0.0,0.0
2024-10-02,8.127,8.233,7.955,8.223,620300,5100726.9,0.0,2000.0,0.0,20000.0,,7.13,0.0,0.02
2024-10-03,8.242,8.309,8.041,8.261,397100,3280443.1,0.0,3000.0,0.0,30000.0,,7.13,0.0,0.03
2024-10-04,8.08,8.807,8.041,8.807,469000,4130483.0,0.0,0.0,0.0,0.0,,7.13,0.0,0.0
2024-10-07,8.855,9.19,8.798,9.046,968200,8758337.2,0.0,0.0,0.0,0.0,,7.13,0.0,0.0
2024-10-08,9.19,9.19,8.999,9.094,353800,3217457.2,0.0,0.0,0.0,0.0,,7.13,0.0,0.0
2024-10-09,9.152,9.161,8.711,8.807,429200,3779964.4,0.0,0.0,0.0,0.0,,7.13,0.0,0.0
2024-10-10,8.807,8.903,8.721,8.807,275500,2426328.5,0.0,0.0,0.0,0.0,,7.13,0.0,0.0
2024-10-11,8.903,8.989,8.788,8.874,271200,2406628.8000000003,0.0,0.0,0.0,0.0,,7.13,0.0,0.0
2024-10-14,8.826,8.999,8.826,8.97,465000,4171050.000000001,14800.0,0.0,140000.0,0.0,,7.13,0.14,0.0
2024-10-15,9.19,9.238,8.884,9.085,581700,5284744.500000001,7600.0,0.0,70000.0,0.0,,7.13,0.07,0.0
2024-10-16,9.085,9.085,8.807,8.903,284400,2532013.2,10100.0,1000.0,90000.0,10000.0,,7.13,0.09,0.01
2024-10-17,8.999,9.19,8.999,9.19,318000,2922420.0,4100.0,400.0,40000.0,0.0,,7.13,0.04,0.0
2024-10-18,9.142,9.669,9.142,9.669,496500,4800658.5,10400.0,6200.0,100000.0,60000.0,,7.13,0.1,0.06
2024-10-21,9.86,9.908,9.276,9.382,416400,3906664.8,15000.0,22300.0,150000.0,220000.0,,7.13,0.15,0.22
2024-10-22,9.238,9.468,9.018,9.401,229800,2160349.8,13200.0,7700.0,120000.0,80000.0,,7.13,0.12,0.08
2024-10-23,9.477,9.477,9.018,9.42,402600,3792492.0,7300.0,10400.0,70000.0,100000.0,,7.13,0.07,0.1
2024-10-24,9.142,9.382,9.142,9.382,274300,2573482.6,10800.0,12500.0,100000.0,120000.0,,7.13,0.1,0.12
2024-10-25,9.094,9.573,9.094,9.41,346800,3263388.0,17700.0,7000.0,170000.0,70000.0,,7.13,0.17,0.07
2024-10-28,9.41,9.669,9.41,9.563,402400,3848151.2,25200.0,7400.0,250000.0,70000.0,,7.13,0.25,0.07
2024-10-29,9.717,9.764,9.554,9.621,252400,2428340.4,12300.0,500.0,120000.0,10000.0,,7.13,0.12,0.01
2024-10-30,9.764,10.147,9.563,10.052,432100,4343469.2,60400.0,6600.0,620000.0,70000.0,,7.13,0.62,0.07
2024-10-31,10.147,10.291,9.86,9.86,384100,3787226.0,5200.0,13200.0,60000.0,140000.0,,7.13,0.06,0.14
2024-11-01,10.243,10.243,9.86,9.956,244500,2434242.0,27300.0,3200.0,280000.0,30000.0,,7.13,0.28,0.03
2024-11-04,9.956,10.147,9.86,10.052,246000,2472792.0,8500.0,5900.0,90000.0,60000.0,,7.13,0.09,0.06
2024-11-05,10.004,10.482,9.908,10.482,755000,7913909.999999999,36200.0,34500.0,380000.0,370000.0,,7.13,0.38,0.37
2024-11-06,10.482,11.009,10.482,10.482,1180100,12369808.2,40000.0,61800.0,440000.0,700000.0,,7.13,0.44,0.7
2024-11-07,10.482,10.77,10.339,10.53,397200,4182516.0,24700.0,36100.0,270000.0,400000.0,,7.13,0.27,0.4
2024-11-08,10.626,10.817,10.53,10.817,535800,5795748.6,366000.0,12500.0,4100000.0,140000.0,,7.13,4.1,0.14
2024-11-11,10.817,11.488,10.817,11.296,950000,10731200.0,249000.0,3600.0,2900000.0,40000.0,,7.13,2.9,0.04
2024-11-12,11.488,11.679,11.296,11.488,542400,6231091.2,106000.0,17000.0,1280000.0,200000.0,,7.13,1.28,0.2
2024-11-13,11.583,11.679,10.722,11.2,1327200,14864639.999999998,215400.0,88900.0,2540000.0,1070000.0,,7.13,2.54,1.07
2024-11-14,11.2,11.35,10.45,10.45,751900,7857354.999999999,24200.0,7400.0,260000.0,80000.0,,7.13,0.26,0.08
2024-11-15,10.1,11.1,10.05,10.85,597200,6479620.0,35600.0,2300.0,380000.0,20000.0,,7.13,0.38,0.02
2024-11-18,11.45,11.6,10.9,11.6,458800,5322080.0,500.0,20800.0,10000.0,230000.0,,7.13,0.01,0.23
2024-11-19,11.75,12.4,11.75,12.4,1037300,12862520.0,108200.0,28400.0,1320000.0,340000.0,,7.13,1.32,0.34
2024-11-20,13.0,13.05,12.4,13.0,693700,9018100.0,31300.0,59700.0,390000.0,760000.0,,7.13,0.39,0.76
2024-11-21,13.0,13.3,12.2,12.9,603300,7782570.0,75400.0,30600.0,960000.0,390000.0,,7.13,0.96,0.39
2024-11-22,12.9,13.3,12.6,13.3,642700,8547910.0,47600.0,55100.0,620000.0,720000.0,,7.13,0.62,0.72
2024-11-25,12.4,12.4,12.4,12.4,136400,1691360.0,0.0,0.0,0.0,0.0,,7.13,0.0,0.0
2024-11-26,11.55,12.0,11.55,11.55,2906800,33573540.0,32000.0,66900.0,370000.0,790000.0,,7.13,0.37,0.79
2024-11-27,11.0,12.25,11.0,11.5,876300,10077450.0,73400.0,69400.0,880000.0,820000.0,,7.13,0.88,0.82
2024-11-28,11.6,11.8,10.7,10.7,1375700,14719989.999999998,107400.0,51900.0,1230000.0,600000.0,,7.13,1.23,0.6
2024-11-29,10.85,11.0,10.1,10.1,1340200,13536020.0,101300.0,60000.0,1040000.0,640000.0,,7.13,1.04,0.64
2024-12-02,10.1,10.8,10.1,10.8,914000,9871200.0,90400.0,37500.0,960000.0,390000.0,,7.13,0.96,0.39
2024-12-03,11.1,11.55,11.0,11.55,979100,11308605.0,121300.0,56500.0,1390000.0,640000.0,,7.13,1.39,0.64
2024-12-04,11.6,12.0,10.8,10.8,1111900,12008520.0,5300.0,224900.0,60000.0,2570000.0,,7.13,0.06,2.57
2024-12-05,10.8,11.4,10.75,11.0,529700,5826700.0,110800.0,40300.0,1230000.0,450000.0,,7.13,1.23,0.45
2024-12-06,11.05,11.1,10.75,10.9,413900,4511510.0,39900.0,29900.0,440000.0,330000.0,,7.13,0.44,0.33
2024-12-09,10.8,11.1,10.75,10.75,447800,4813850.0,112100.0,0.0,1230000.0,0.0,,7.13,1.23,0.0
2024-12-10,10.8,11.25,10.65,10.8,627800,6780240.0,196100.0,11800.0,2150000.0,130000.0,,7.13,2.15,0.13
2024-12-11,10.85,11.05,10.8,10.9,684300,7458870.0,274300.0,124700.0,2990000.0,1370000.0,,7.13,2.99,1.37
2024-12-12,10.9,11.2,10.85,11.0,682700,7509700.0,89900.0,0.0,990000.0,0.0,,7.13,0.99,0.0
2024-12-13,11.0,11.0,10.8,10.8,393600,4250880.0,2800.0,60200.0,30000.0,660000.0,,7.13,0.03,0.66
2024-12-16,10.75,10.8,10.35,10.5,724000,7602000.0,52200.0,45100.0,550000.0,480000.0,,7.13,0.55,0.48
2024-12-17,10.45,10.95,10.45,10.85,498300,5406555.0,187100.0,10300.0,2020000.0,110000.0,,7.13,2.02,0.11
2024-12-18,10.8,11.2,10.8,10.85,383000,4155550.0,126000.0,14700.0,1390000.0,160000.0,,7.13,1.39,0.16
2024-12-19,10.8,10.9,10.6,10.65,317000,3376050.0,11200.0,6600.0,120000.0,70000.0,,7.13,0.12,0.07
2024-12-20,10.7,11.0,10.7,10.85,147200,1597120.0,11400.0,2400.0,120000.0,30000.0,,7.13,0.12,0.03
2024-12-23,10.85,11.4,10.85,11.35,503300,5712455.0,97100.0,38400.0,1100000.0,430000.0,,7.13,1.1,0.43
2024-12-24,11.25,11.55,11.15,11.4,620300,7071420.0,15300.0,61900.0,170000.0,700000.0,,7.13,0.17,0.7
2024-12-25,11.55,12.15,11.55,12.15,1100100,13366215.0,37500.0,16500.0,450000.0,200000.0,,7.13,0.45,0.2
2024-12-26,12.5,12.8,11.8,12.0,744300,8931600.0,52700.0,104000.0,660000.0,1280000.0,,7.13,0.66,1.28
2024-12-27,12.0,12.0,11.2,11.2,756700,8475040.0,44700.0,85400.0,510000.0,970000.0,,7.13,0.51,0.97
2024-12-30,11.35,11.75,10.85,11.0,435100,4786100.0,45000.0,18700.0,490000.0,210000.0,,7.13,0.49,0.21
2024-12-31,11.15,11.35,10.85,10.85,152500,1654625.0,8100.0,31100.0,90000.0,340000.0,,7.13,0.09,0.34
2025-01-02,11.2,11.2,10.6,10.7,318600,3409020.0,17300.0,154100.0,180000.0,1660000.0,,7.13,0.18,1.66
2025-01-03,10.7,10.7,10.3,10.5,415300,4360650.0,0.0,118000.0,0.0,1230000.0,,7.13,0.0,1.23
2025-01-06,10.5,10.5,9.9,9.98,269000,2684620.0,18200.0,58400.0,180000.0,600000.0,,7.13,0.18,0.6
2025-01-07,9.83,10.25,9.32,9.8,403800,3957240.000000001,44600.0,31700.0,420000.0,300000.0,,7.13,0.42,0.3
2025-01-08,9.57,10.1,9.57,10.0,94500,945000.0,2600.0,31700.0,20000.0,310000.0,,7.13,0.02,0.31
2025-01-09,10.1,10.1,9.61,9.64,105100,1013164.0,2000.0,36500.0,20000.0,360000.0,,7.13,0.02,0.36
2025-01-10,9.62,9.64,9.2,9.64,385400,3715256.0,12600.0,44800.0,120000.0,420000.0,,7.13,0.12,0.42
2025-01-13,9.63,9.8,9.45,9.63,56000,539280.0,3200.0,10200.0,30000.0,100000.0,,7.13,0.03,0.1
2025-01-14,9.5,9.52,9.25,9.31,134400,1251264.0,2000.0,35200.0,20000.0,330000.0,,7.13,0.02,0.33
2025-01-15,9.5,9.51,9.04,9.06,205100,1858206.0,13200.0,22100.0,120000.0,200000.0,,7.13,0.12,0.2
2025-01-16,9.12,9.24,8.95,9.1,65700,597870.0,13500.0,9300.0,120000.0,80000.0,,7.13,0.12,0.08
2025-01-17,9.3,9.3,8.99,9.01,72100,649621.0,0.0,10100.0,0.0,90000.0,,7.13,0.0,0.09
2025-01-20,9.01,9.27,9.01,9.07,72900,661203.0,9300.0,4100.0,90000.0,40000.0,,7.13,0.09,0.04
2025-01-21,9.07,9.1,8.55,8.55,203400,1739070.0000000002,2300.0,31300.0,20000.0,270000.0,,7.13,0.02,0.27
2025-01-22,8.4,8.55,8.25,8.25,137600,1135200.0,6600.0,3400.0,60000.0,30000.0,,7.13,0.06,0.03
2025-01-23,8.25,8.25,7.9,8.05,110300,887915.0000000001,12300.0,8600.0,100000.0,70000.0,,7.13,0.1,0.07
2025-01-24,8.05,8.22,8.05,8.18,50700,414726.0,5200.0,0.0,40000.0,0.0,,7.13,0.04,0.0
2025-02-03,8.2,8.2,7.99,7.99,80900,646391.0,1400.0,8300.0,10000.0,70000.0,,7.13,0.01,0.07
2025-02-04,7.99,7.99,7.5,7.75,112800,874200.0,300.0,2200.0,0.0,20000.0,,7.13,0.0,0.02
2025-02-05,7.6,7.9,7.6,7.75,107100,830025.0,200.0,200.0,0.0,0.0,,7.13,0.0,0.0
2025-02-06,7.76,8.29,7.75,8.29,121700,1008893.0,3400.0,0.0,30000.0,0.0,,7.13,0.03,0.0
2025-02-07,8.68,8.87,8.59,8.82,227000,2002140.0,600.0,6000.0,10000.0,50000.0,,7.13,0.01,0.05
2025-02-10,8.99,8.99,8.23,8.51,116000,987160.0,500.0,6900.0,0.0,60000.0,,7.13,0.0,0.06
2025-02-11,8.7,8.7,8.28,8.39,128800,1080632.0,0.0,4100.0,0.0,30000.0,,7.13,0.0,0.03
2025-02-12,8.39,8.4,8.21,8.24,55700,458968.0,1000.0,2600.0,10000.0,20000.0,,7.13,0.01,0.02
2025-02-13,8.48,8.48,8.1,8.2,28200,231240.0,0.0,3300.0,0.0,30000.0,,7.13,0.0,0.03
2025-02-14,8.01,8.22,8.01,8.06,119700,964782.0,0.0,1900.0,0.0,20000.0,,7.13,0.0,0.02
2025-02-17,8.13,8.23,8.08,8.23,90900,748107.0,200.0,300.0,0.0,0.0,,7.13,0.0,0.0
2025-02-18,8.23,8.32,8.1,8.15,52600,428690.0,0.0,200.0,0.0,0.0,,7.13,0.0,0.0
2025-02-19,8.13,8.24,8.1,8.21,80100,657621.0000000001,0.0,900.0,0.0,10000.0,,7.13,0.0,0.01
2025-02-20,8.22,8.33,8.19,8.2,75800,621560.0,500.0,300.0,0.0,0.0,,7.13,0.0,0.0
2025-02-21,8.2,8.2,8.12,8.16,71900,586704.0,0.0,2300.0,0.0,20000.0,,7.13,0.0,0.02
2025-02-24,8.16,8.16,8.08,8.12,66000,535920.0,0.0,1200.0,0.0,10000.0,,7.13,0.0,0.01
2025-02-25,8.12,8.17,8.11,8.17,41200,336604.0,0.0,1700.0,0.0,10000.0,,7.13,0.0,0.01
2025-02-26,8.17,8.74,8.13,8.74,1118100,9772194.0,0.0,8600.0,0.0,70000.0,,7.13,0.0,0.07
2025-02-27,8.97,9.2,8.9,9.01,290300,2615603.0,10000.0,2200.0,90000.0,20000.0,,7.13,0.09,0.02
2025-02-28,9.0,9.0,8.6,8.65,178600,1544890.0,6300.0,2400.0,50000.0,20000.0,,7.13,0.05,0.02
2025-03-03,8.6,8.6,8.05,8.24,125100,1030824.0,400.0,1700.0,0.0,10000.0,,7.13,0.0,0.01
2025-03-04,8.25,8.38,8.19,8.38,49500,414810.00000000006,0.0,1900.0,0.0,20000.0,,7.13,0.0,0.02
2025-03-05,8.5,8.75,8.47,8.58,435500,3736590.0,2300.0,2700.0,20000.0,20000.0,,7.13,0.02,0.02
2025-03-06,8.7,8.7,8.39,8.44,65600,553664.0,200.0,2400.0,0.0,20000.0,,7.13,0.0,0.02
2025-03-07,8.5,8.5,8.38,8.39,51500,432085.00000000006,0.0,2700.0,0.0,20000.0,,7.13,0.0,0.02
2025-03-10,8.47,8.47,8.3,8.3,93600,776880.0000000001,0.0,3600.0,0.0,30000.0,,7.13,0.0,0.03
2025-03-11,8.3,8.49,8.28,8.32,769700,6403904.0,100.0,2100.0,0.0,20000.0,,7.13,0.0,0.02
2025-03-12,8.4,8.4,8.31,8.32,306300,2548416.0,100.0,2000.0,0.0,20000.0,,7.13,0.0,0.02
2025-03-13,8.32,8.33,8.18,8.22,94800,779256.0000000001,0.0,4500.0,0.0,40000.0,,7.13,0.0,0.04
2025-03-14,8.22,8.22,8.14,8.14,54600,444444.00000000006,0.0,2500.0,0.0,20000.0,,7.13,0.0,0.02
2025-03-17,8.47,8.47,8.15,8.22,37600,309072.0,0.0,1000.0,0.0,10000.0,,7.13,0.0,0.01
2025-03-18,8.25,8.25,8.17,8.17,14000,114380.0,0.0,600.0,0.0,0.0,,7.13,0.0,0.0
2025-03-19,8.17,8.18,8.11,8.12,57100,463652.0,0.0,900.0,0.0,10000.0,,7.13,0.0,0.01
2025-03-20,8.12,8.12,8.06,8.11,87900,712869.0,0.0,0.0,0.0,0.0,,7.13,0.0,0.0
2025-03-21,8.08,8.11,8.0,8.03,42800,343684.0,0.0,100.0,0.0,0.0,,7.13,0.0,0.0
2025-03-24,8.05,8.1,8.01,8.03,22900,183887.0,0.0,100.0,0.0,0.0,,7.13,0.0,0.0
2025-03-25,8.03,8.07,8.0,8.06,33200,267592.0,0.0,0.0,0.0,0.0,,7.13,0.0,0.0
2025-03-26,8.06,8.08,8.0,8.07,20500,165435.0,0.0,200.0,0.0,0.0,,7.13,0.0,0.0
2025-03-27,8.09,8.09,8.04,8.04,5700,45827.99999999999,0.0,100.0,0.0,0.0,,7.13,0.0,0.0
2025-03-28,8.05,8.05,8.02,8.04,18000,144719.99999999997,0.0,0.0,0.0,0.0,,7.13,0.0,0.0
2025-03-31,8.03,8.03,7.95,7.97,65100,518847.0,0.0,100.0,0.0,0.0,,7.13,0.0,0.0
2025-04-01,8.0,8.07,7.99,8.06,24500,197470.0,0.0,0.0,0.0,0.0,,7.13,0.0,0.0
2025-04-02,8.06,8.08,8.0,8.06,14700,118482.0,0.0,0.0,0.0,0.0,,7.13,0.0,0.0
2025-04-03,7.7,7.84,7.5,7.5,114900,861750.0,0.0,400.0,0.0,0.0,,7.13,0.0,0.0
2025-04-04,6.98,7.5,6.98,7.5,148600,1114500.0,0.0,0.0,0.0,0.0,,7.13,0.0,0.0
2025-04-08,6.98,7.48,6.98,6.98,87300,609354.0,0.0,0.0,0.0,0.0,,7.13,0.0,0.0
2025-04-09,6.5,6.8,6.5,6.78,84500,572910.0,0.0,0.0,0.0,0.0,,7.13,0.0,0.0
2025-04-10,7.2,7.25,7.2,7.25,104600,758350.0,0.0,0.0,0.0,0.0,,7.13,0.0,0.0
2025-04-11,7.7,7.7,7.27,7.4,48100,355940.0,1000.0,1000.0,10000.0,10000.0,,7.13,0.01,0.01
2025-04-14,7.7,7.7,7.37,7.4,24300,179820.0,700.0,0.0,10000.0,0.0,,7.13,0.01,0.0
2025-04-15,7.4,7.4,7.1,7.23,47400,342702.0,1100.0,0.0,10000.0,0.0,,7.13,0.01,0.0
2025-04-16,7.23,7.38,7.16,7.16,36800,263488.0,10000.0,0.0,70000.0,0.0,,7.13,0.07,0.0
2025-04-17,7.15,7.15,7.0,7.1,47000,333700.0,22200.0,500.0,160000.0,0.0,,7.13,0.16,0.0
2025-04-18,7.44,7.44,7.12,7.27,7800,56706.0,500.0,0.0,0.0,0.0,,7.13,0.0,0.0
2025-04-21,7.27,7.27,7.02,7.1,9700,68870.0,0.0,0.0,0.0,0.0,,7.13,0.0,0.0
2025-04-22,7.1,7.19,6.82,6.87,52200,358614.0,0.0,7800.0,0.0,50000.0,,7.13,0.0,0.05
2025-04-23,7.0,7.08,7.0,7.07,11600,82012.0,0.0,1600.0,0.0,10000.0,,7.13,0.0,0.01
2025-04-24,7.15,7.15,6.95,7.04,24600,173184.0,0.0,0.0,0.0,0.0,,7.13,0.0,0.0
2025-04-25,7.04,7.04,7.02,7.04,7300,51392.0,0.0,0.0,0.0,0.0,,7.13,0.0,0.0
2025-04-28,7.04,7.04,6.55,6.97,20800,144976.0,0.0,0.0,0.0,0.0,,7.13,0.0,0.0
2025-04-29,6.91,7.01,6.87,6.87,8700,59769.0,0.0,0.0,0.0,0.0,,7.13,0.0,0.0
2025-05-05,6.89,6.97,6.87,6.9,15410,106329.0,0.0,2100.0,0.0,10000.0,,7.13,0.0,0.01
2025-05-06,7.14,7.14,6.89,6.9,20100,138690.0,0.0,2000.0,0.0,10000.0,,7.13,0.0,0.01
2025-05-07,6.66,7.05,6.66,6.82,22220,151540.4,0.0,0.0,0.0,0.0,,7.13,0.0,0.0
2025-05-08,6.78,6.95,6.78,6.84,29073,198859.32,0.0,6700.0,0.0,50000.0,,7.13,0.0,0.05
2025-05-09,7.0,7.0,6.91,6.97,38300,266951.0,20000.0,0.0,140000.0,0.0,,7.13,0.14,0.0
2025-05-12,7.0,7.2,6.97,7.19,89876,646208.4400000001,0.0,0.0,0.0,0.0,,7.13,0.0,0.0
2025-05-13,7.21,7.69,7.21,7.69,125000,961250.0,30000.0,0.0,230000.0,0.0,,7.13,0.23,0.0
2025-05-14,7.99,8.1,7.8,8.0,160400,1283200.0,8100.0,0.0,60000.0,0.0,,7.13,0.06,0.0
2025-05-15,8.0,8.08,7.75,7.9,102600,810540.0,50000.0,0.0,390000.0,0.0,,7.13,0.39,0.0
2025-05-16,7.9,7.97,7.7,7.7,76200,586740.0,26300.0,0.0,200000.0,0.0,,7.13,0.2,0.0
2025-05-19,7.7,7.7,7.41,7.43,58000,430940.0,0.0,0.0,0.0,0.0,,7.13,0.0,0.0
2025-05-20,7.46,7.9,7.45,7.8,53900,420420.0,0.0,0.0,0.0,0.0,,7.13,0.0,0.0
2025-05-21,7.82,8.13,7.82,8.1,141400,1145340.0,38400.0,0.0,310000.0,0.0,,7.13,0.31,0.0
2025-05-22,8.1,8.11,7.9,7.95,32200,255990.0,0.0,0.0,0.0,0.0,,7.13,0.0,0.0
2025-05-23,7.9,7.9,7.77,7.8,61700,481260.0,25000.0,0.0,190000.0,0.0,,7.13,0.19,0.0
2025-05-26,7.8,8.0,7.76,7.98,58100,463638.0,0.0,0.0,0.0,0.0,,7.13,0.0,0.0
2025-05-27,7.91,7.98,7.85,7.98,6600,52668.0,0.0,0.0,0.0,0.0,,7.13,0.0,0.0
2025-05-28,7.98,7.98,7.86,7.86,28200,221652.0,0.0,0.0,0.0,0.0,,7.13,0.0,0.0
2025-05-29,7.85,7.95,7.83,7.87,8800,69256.0,0.0,0.0,0.0,0.0,,7.13,0.0,0.0
2025-05-30,7.87,7.87,7.6,7.6,24300,184680.0,0.0,0.0,0.0,0.0,,7.13,0.0,0.0
2025-06-02,7.6,7.75,7.5,7.65,55800,426870.0,3400.0,0.0,30000.0,0.0,,7.13,0.03,0.0
2025-06-03,7.61,7.65,7.58,7.62,129500,986790.0,0.0,0.0,0.0,0.0,,7.13,0.0,0.0
2025-06-04,7.62,7.63,7.57,7.6,186200,1415120.0,0.0,0.0,0.0,0.0,,7.13,0.0,0.0
2025-06-05,7.6,7.6,7.52,7.56,256300,1937628.0,69300.0,0.0,520000.0,0.0,,7.13,0.52,0.0
2025-06-06,7.95,7.95,7.45,7.5,147700,1107750.0,300.0,0.0,0.0,0.0,,7.13,0.0,0.0
2025-06-09,7.51,7.57,7.36,7.36,137000,1008320.0,50000.0,0.0,380000.0,0.0,,7.13,0.38,0.0
2025-06-10,7.45,7.45,7.35,7.36,84300,620448.0,0.0,0.0,0.0,0.0,,7.13,0.0,0.0
2025-06-11,7.4,7.4,7.04,7.19,216200,1554478.0,0.0,0.0,0.0,0.0,,7.13,0.0,0.0
2025-06-12,7.2,7.3,7.12,7.17,111700,800889.0,0.0,0.0,0.0,0.0,,7.13,0.0,0.0
2025-06-13,7.16,7.22,7.0,7.16,146300,1047508.0,0.0,0.0,0.0,0.0,,7.13,0.0,0.0
2025-06-16,7.05,7.16,7.0,7.05,62900,443445.0,1000.0,0.0,10000.0,0.0,,7.13,0.01,0.0
2025-06-17,7.15,7.15,7.06,7.09,29100,206319.0,0.0,0.0,0.0,0.0,,7.13,0.0,0.0
2025-06-18,7.1,7.14,7.0,7.06,71100,501966.0,0.0,0.0,0.0,0.0,,7.13,0.0,0.0
2025-06-19,7.06,7.1,7.02,7.08,21900,155052.0,0.0,0.0,0.0,0.0,,7.13,0.0,0.0
2025-06-20,7.08,7.08,7.05,7.06,14500,102370.0,0.0,0.0,0.0,0.0,,7.13,0.0,0.0
2025-06-23,7.08,7.08,6.95,6.96,54500,379320.0,0.0,0.0,0.0,0.0,,7.13,0.0,0.0
2025-06-24,6.97,7.08,6.97,7.06,58800,415128.0,0.0,0.0,0.0,0.0,,7.13,0.0,0.0
2025-06-25,7.11,7.11,7.02,7.04,21300,149952.0,0.0,0.0,0.0,0.0,,7.13,0.0,0.0
2025-06-26,7.02,7.03,7.0,7.03,45184,317643.52,0.0,0.0,0.0,0.0,,7.13,0.0,0.0
2025-06-27,7.02,7.03,7.0,7.03,88400,621452.0,0.0,0.0,0.0,0.0,,7.13,0.0,0.0
2025-06-30,7.04,7.06,7.0,7.03,130723,918982.69,200.0,0.0,0.0,0.0,,7.13,0.0,0.0
2025-07-01,7.08,7.37,7.0,7.37,666400,4911368.0,0.0,0.0,0.0,0.0,,7.13,0.0,0.0
2025-07-02,7.37,7.53,7.26,7.5,649500,4871250.0,13600.0,0.0,100000.0,0.0,,7.13,0.1,0.0
2025-07-03,7.5,7.55,7.44,7.5,589700,4422750.0,900.0,0.0,10000.0,0.0,,7.13,0.01,0.0
2025-07-04,7.5,7.51,7.46,7.48,72900,545292.0,0.0,0.0,0.0,0.0,,7.13,0.0,0.0
2025-07-07,7.37,7.5,7.32,7.32,189900,1390068.0,1400.0,0.0,10000.0,0.0,,7.13,0.01,0.0
2025-07-08,7.21,7.4,7.12,7.22,297000,2144340.0,0.0,0.0,0.0,0.0,,7.13,0.0,0.0
2025-07-09,7.22,7.28,7.09,7.22,399400,2883668.0,1000.0,0.0,10000.0,0.0,,7.13,0.01,0.0
2025-07-10,7.29,7.29,7.06,7.1,405900,2881890.0,0.0,12800.0,0.0,90000.0,,7.13,0.0,0.09
2025-07-11,7.1,7.16,7.05,7.1,238000,1689800.0,0.0,0.0,0.0,0.0,,7.13,0.0,0.0
2025-07-14,7.14,7.14,7.04,7.06,255900,1806654.0,1400.0,0.0,10000.0,0.0,,7.13,0.01,0.0
2025-07-15,7.05,7.14,7.03,7.1,397000,2818700.0,0.0,0.0,0.0,0.0,,7.13,0.0,0.0
2025-07-16,7.1,7.29,7.07,7.23,238800,1726524.0,0.0,0.0,0.0,0.0,,7.13,0.0,0.0
2025-07-17,7.47,7.47,7.21,7.23,489000,3535470.0,1400.0,0.0,10000.0,0.0,,7.13,0.01,0.0
2025-07-18,7.24,7.26,7.15,7.23,298500,2158155.0,1400.0,0.0,10000.0,0.0,,7.13,0.01,0.0
2025-07-21,7.25,7.3,7.19,7.2,225800,1625760.0,1400.0,0.0,10000.0,0.0,,7.13,0.01,0.0
2025-07-22,7.14,7.2,7.14,7.18,222200,1595396.0,0.0,0.0,0.0,0.0,,7.13,0.0,0.0
2025-07-23,7.15,7.18,7.14,7.14,242700,1732878.0,0.0,0.0,0.0,0.0,,7.13,0.0,0.0
2025-07-24,7.16,7.26,7.15,7.23,271100,1960053.0,0.0,0.0,0.0,0.0,,7.13,0.0,0.0
2025-07-25,7.26,7.26,7.15,7.16,223500,1600260.0,0.0,0.0,0.0,0.0,,7.13,0.0,0.0
2025-07-28,7.26,7.32,7.16,7.3,352700,2574710.0,1400.0,0.0,10000.0,0.0,,7.13,0.01,0.0
2025-07-29,7.38,7.45,7.22,7.22,497400,3591228.0,0.0,0.0,0.0,0.0,,7.13,0.0,0.0
2025-07-30,7.29,7.4,7.23,7.32,237800,1740696.0,300.0,0.0,0.0,0.0,,7.13,0.0,0.0
2025-07-31,7.44,7.83,7.44,7.8,770600,6010680.0,400.0,0.0,0.0,0.0,,7.13,0.0,0.0
2025-08-01,7.82,8.34,7.78,8.34,1024200,8541828.0,5000.0,300.0,40000.0,0.0,,7.13,0.04,0.0
2025-08-04,8.79,8.79,8.22,8.29,515200,4271008.0,1100.0,0.0,10000.0,0.0,,7.13,0.01,0.0
2025-08-05,8.4,8.4,8.05,8.13,453000,3682890.000000001,14200.0,0.0,120000.0,0.0,,7.13,0.12,0.0
2025-08-06,8.1,8.26,8.1,8.13,181100,1472343.0000000002,0.0,100.0,0.0,0.0,,7.13,0.0,0.0
2025-08-07,8.13,8.27,8.04,8.04,178500,1435139.9999999998,100.0,0.0,0.0,0.0,,7.13,0.0,0.0
2025-08-08,8.1,8.14,7.94,8.04,298800,2402351.9999999995,0.0,14500.0,0.0,120000.0,,7.13,0.0,0.12
2025-08-11,8.05,8.29,8.02,8.29,278000,2304619.9999999995,0.0,0.0,0.0,0.0,,7.13,0.0,0.0
2025-08-12,8.47,8.47,8.2,8.21,230900,1895689.0,0.0,0.0,0.0,0.0,,7.13,0.0,0.0
2025-08-13,8.21,8.21,8.0,8.1,181100,1466910.0,0.0,0.0,0.0,0.0,,7.13,0.0,0.0
2025-08-14,8.1,8.12,8.03,8.08,248900,2011112.0,0.0,0.0,0.0,0.0,,7.13,0.0,0.0
2025-08-15,8.05,8.08,7.9,7.9,164400,1298760.0,0.0,0.0,0.0,0.0,,7.13,0.0,0.0
2025-08-18,7.9,8.1,7.9,8.03,100500,807014.9999999999,16700.0,0.0,130000.0,0.0,,7.13,0.13,0.0
2025-08-19,8.19,8.19,8.01,8.04,298500,2399939.9999999995,0.0,0.0,0.0,0.0,,7.13,0.0,0.0
2025-08-20,8.12,8.14,7.99,8.01,248100,1987281.0,0.0,0.0,0.0,0.0,,7.13,0.0,0.0
2025-08-21,8.01,8.08,7.83,7.84,253700,1989008.0,0.0,1600.0,0.0,10000.0,,7.13,0.0,0.01
2025-08-22,7.84,7.84,7.4,7.4,313500,2319900.0,0.0,10700.0,0.0,80000.0,,7.13,0.0,0.08
2025-08-25,7.5,7.5,7.15,7.26,249400,1810644.0,0.0,0.0,0.0,0.0,,7.13,0.0,0.0
2025-08-26,7.25,7.35,7.25,7.35,102500,753375.0,3000.0,0.0,20000.0,0.0,,7.13,0.02,0.0
2025-08-27,7.36,7.39,7.3,7.33,142400,1043792.0,100.0,0.0,0.0,0.0,,7.13,0.0,0.0
2025-08-28,7.44,7.45,7.33,7.4,98700,730380.0,0.0,0.0,0.0,0.0,,7.13,0.0,0.0
2025-08-29,7.4,7.59,7.4,7.44,101000,751440.0,0.0,0.0,0.0,0.0,,7.13,0.0,0.0
2025-09-03,7.44,7.5,7.4,7.44,96400,717216.0,0.0,0.0,0.0,0.0,,7.13,0.0,0.0
2025-09-04,7.44,7.53,7.43,7.48,65400,489192.0,0.0,0.0,0.0,0.0,,7.13,0.0,0.0
2025-09-05,7.49,7.69,7.49,7.55,150500,1136275.0,0.0,0.0,0.0,0.0,,7.13,0.0,0.0
2025-09-08,7.58,7.58,7.43,7.44,147600,1098144.0,0.0,0.0,0.0,0.0,,7.13,0.0,0.0
2025-09-09,7.44,7.57,7.4,7.4,195600,1447440.0,0.0,0.0,0.0,0.0,,7.13,0.0,0.0
2025-09-10,7.47,7.48,7.38,7.45,102100,760645.0,1000.0,0.0,10000.0,0.0,,7.13,0.01,0.0
2025-09-11,7.45,7.47,7.35,7.39,148800,1099632.0,0.0,0.0,0.0,0.0,,7.13,0.0,0.0
2025-09-12,7.41,7.45,7.38,7.41,234300,1736163.0,0.0,0.0,0.0,0.0,,7.13,0.0,0.0
2025-09-15,7.41,7.52,7.4,7.51,86400,648864.0,0.0,0.0,0.0,0.0,,7.13,0.0,0.0
2025-09-16,7.51,7.71,7.46,7.63,284500,2170735.0,200.0,0.0,0.0,0.0,,7.13,0.0,0.0
2025-09-17,7.59,7.68,7.57,7.61,131400,999954.0,0.0,0.0,0.0,0.0,,7.13,0.0,0.0
2025-09-18,7.61,7.61,7.51,7.57,89600,678272.0,0.0,0.0,0.0,0.0,,7.13,0.0,0.0
2025-09-19,7.57,7.6,7.54,7.56,62700,474012.0,7500.0,100.0,60000.0,0.0,,7.13,0.06,0.0
2025-09-22,7.6,7.6,7.45,7.54,86000,648440.0,4700.0,0.0,40000.0,0.0,,7.13,0.04,0.0
2025-09-23,7.47,7.59,7.47,7.55,58100,438655.0,0.0,0.0,0.0,0.0,,7.13,0.0,0.0
2025-09-24,7.51,7.56,7.5,7.56,60200,455112.0,0.0,0.0,0.0,0.0,,7.13,0.0,0.0
2025-09-25,7.6,7.72,7.56,7.64,122700,937428.0,0.0,0.0,0.0,0.0,,7.13,0.0,0.0
2025-09-26,7.7,7.7,7.6,7.63,55700,424991.0,0.0,0.0,0.0,0.0,,7.13,0.0,0.0
2025-09-29,7.65,7.68,7.6,7.63,19800,151074.0,0.0,0.0,0.0,0.0,,7.13,0.0,0.0
2025-09-30,7.64,7.68,7.6,7.63,126400,964432.0,3500.0,0.0,30000.0,0.0,,7.13,0.03,0.0
2025-10-01,7.68,7.98,7.64,7.89,160700,1267923.0,1500.0,0.0,10000.0,0.0,,7.13,0.01,0.0
2025-10-02,7.99,7.99,7.65,7.65,150800,1153620.0,2400.0,0.0,20000.0,0.0,,7.13,0.02,0.0
2025-10-03,7.65,7.65,7.5,7.5,126200,946500.0,1300.0,0.0,10000.0,0.0,,7.13,0.01,0.0
2025-10-06,7.43,7.5,7.4,7.49,102500,767725.0,0.0,0.0,0.0,0.0,,7.13,0.0,0.0
2025-10-07,7.43,7.54,7.41,7.42,85200,632184.0,0.0,0.0,0.0,0.0,,7.13,0.0,0.0
2025-10-08,7.6,7.6,7.43,7.45,86900,647405.0,0.0,0.0,0.0,0.0,,7.13,0.0,0.0
2025-10-09,7.45,7.58,7.44,7.5,62700,470250.0,0.0,0.0,0.0,0.0,1003700.0,7.13,0.0,0.0
2025-10-10,7.5,7.56,7.48,7.48,46100,344828.0,0.0,0.0,0.0,0.0,1003700.0,7.13,0.0,0.0
2025-10-13,7.48,7.48,7.38,7.4,141800,1049320.0,140.0,0.0,10360.0,0.0,1003350.0,7.13,0.01,0.0
2025-10-14,7.38,7.42,7.31,7.37,90500,666985.0,150.0,10.0,10965.0,732.0,1003400.0,7.13,0.01,0.0
2025-10-15,7.4,7.4,7.29,7.37,95900,706783.0,0.0,0.0,0.0,0.0,1003410.0,7.13,0.0,0.0
2025-10-16,7.25,7.37,7.25,7.36,25400,186944.0,0.0,0.0,0.0,0.0,1003410.0,7.13,0.0,0.0
2025-10-17,7.36,7.36,7.24,7.24,74300,537932.0,0.0,0.0,0.0,0.0,1003260.0,7.13,0.0,0.0
2025-10-20,7.36,7.36,6.82,6.82,64900,442618.0,150.0,0.0,10230.0,0.0,1003410.0,7.13,0.01,0.0
2025-10-21,6.65,6.89,6.65,6.83,62000,423460.0,0.0,0.0,0.0,0.0,1003410.0,7.13,0.0,0.0
2025-10-22,6.83,7.2,6.8,6.85,21000,143850.0,0.0,0.0,0.0,0.0,1003410.0,7.13,0.0,0.0
2025-10-23,6.9,7.03,6.8,6.93,34900,241857.0,0.0,0.0,0.0,0.0,1003410.0,7.13,0.0,0.0
2025-10-24,6.99,6.99,6.8,6.91,50200,346882.0,0.0,0.0,0.0,0.0,1003410.0,7.13,0.0,0.0
2025-10-27,6.9,7.0,6.81,6.89,14500,99905.0,0.0,200.0,0.0,13780.0,1003410.0,7.13,0.0,0.01
2025-10-28,7.03,7.03,6.7,6.82,50700,345774.0,0.0,0.0,0.0,0.0,1003410.0,7.13,0.0,0.0
2025-10-29,6.85,7.12,6.85,6.92,51600,357072.0,0.0,330.0,0.0,23142.0,1003410.0,7.13,0.0,0.02
2025-10-30,7.18,7.18,6.7,6.73,355900,2395207.0,0.0,400.0,0.0,28720.0,1003610.0,7.13,0.0,0.03
2025-10-31,6.73,6.87,6.7,6.74,121800,820932.0,0.0,500.0,0.0,33506.0,1003610.0,7.13,0.0,0.03
2025-11-03,6.84,6.84,6.7,6.7,133900,897130.0,0.0,0.0,0.0,0.0,1003940.0,7.13,0.0,0.0
2025-11-04,6.79,6.79,6.6,6.76,75900,513084.0,0.0,0.0,0.0,0.0,1004340.0,7.13,0.0,0.0
2025-11-05,6.77,6.77,6.66,6.72,45100,303072.0,0.0,0.0,0.0,0.0,1004840.0,7.13,0.0,0.0
2025-11-06,6.68,6.76,6.6,6.7,81700,547390.0,0.0,0.0,0.0,0.0,1004840.0,7.13,0.0,0.0
2025-11-07,6.7,6.73,6.6,6.64,77100,511944.0,0.0,0.0,0.0,0.0,1004840.0,7.13,0.0,0.0
2025-11-10,6.64,6.79,6.64,6.78,31700,214926.0,0.0,0.0,0.0,0.0,1004840.0,7.13,0.0,0.0
2025-11-11,,0.0,0.0,0.0,0,0.0,0.0,0.0,0.0,0.0,0.0,7.13,0.0,0.0
2025-11-12,6.78,6.9,6.76,6.85,81700,559645.0,0.0,0.0,0.0,0.0,1004840.0,7.13,0.0,0.0
2025-11-14,6.8,6.8,6.65,6.79,261600,1776264.0,240.0,0.0,15966.0,0.0,1004590.0,7.13,0.02,0.0
2025-11-17,6.77,7.2,6.59,7.2,556300,4005360.0,20.0,50.0,1324.0,3550.0,1004580.0,7.13,0.0,0.0
2025-11-18,7.29,7.44,7.2,7.28,163000,1186640.0,50.0,80.0,3650.0,5841.0,1004550.0,7.13,0.0,0.01
2025-11-19,7.3,7.3,6.91,7.11,206900,1471059.0,0.0,10.0,0.0,728.0,1004600.0,7.13,0.0,0.0
2025-11-20,7.13,7.13,7.05,7.09,139300,987637.0,0.0,15.0,0.0,1077.68,1004630.0,7.13,0.0,0.0
2025-11-25,7.34,7.35,7.05,7.3,77600,566480.0,0.0,250.0,0.0,18090.0,1004685.2,7.13,0.0,0.02
2025-11-26,7.3,7.34,7.15,7.28,88600,645008.0,0.0,0.0,0.0,0.0,1004769.9,7.13,0.0,0.0
2025-11-27,6.34,6.68,6.34,6.58,61500,404670.0,0.0,0.0,0.0,0.0,1004769.9,7.13,0.0,0.0
2025-11-28,6.58,6.68,6.5,6.68,26800,179024.0,0.0,0.0,0.0,0.0,1005019.9,7.13,0.0,0.0
2025-12-01,6.7,6.79,6.58,6.59,30800,202972.0,0.0,0.0,0.0,0.0,1005019.9,7.13,0.0,0.0
2025-12-02,6.59,6.61,6.54,6.61,87700,579697.0,0.0,50.0,0.0,3302.0,1005019.9,7.13,0.0,0.0
2025-12-03,6.61,6.69,6.61,6.67,21600,144072.0,0.0,0.0,0.0,0.0,1005019.9,7.13,0.0,0.0
2025-12-04,6.66,6.68,6.6,6.68,39100,261188.0,0.0,0.0,0.0,0.0,1005019.9,7.13,0.0,0.0
2025-12-05,6.66,6.79,6.65,6.73,60400,406492.0,0.0,0.0,0.0,0.0,1005069.9,7.13,0.0,0.0
2025-12-08,6.73,6.73,6.65,6.71,48800,327448.0,0.0,0.0,0.0,0.0,1005069.9,7.13,0.0,0.0
2025-12-10,6.65,6.69,6.65,6.66,22000,146520.0,0.0,0.0,0.0,0.0,1005059.9,7.13,0.0,0.0
2025-12-11,6.65,6.7,6.65,6.7,75200,503840.0,10.0,0.0,665.0,0.0,1005059.9,7.13,0.0,0.0
2025-12-12,6.83,6.86,6.63,6.63,41000,271830.0,0.0,0.0,0.0,0.0,1005059.9,7.13,0.0,0.0
2025-12-15,6.7,6.7,6.61,6.66,69900,465534.0,0.0,0.0,0.0,0.0,1005059.9,7.13,0.0,0.0
2025-12-23,6.68,6.68,6.52,6.55,19100,125105.0,0.0,0.0,0.0,0.0,1005059.9,7.13,0.0,0.0
2025-12-24,6.59,6.59,6.52,6.55,41500,271825.0,0.0,0.0,0.0,0.0,1005059.9,7.13,0.0,0.0
2025-12-25,6.52,6.56,6.5,6.5,39000,253500.0,0.0,0.0,0.0,0.0,1005059.9,7.13,0.0,0.0
2025-12-26,6.4,6.52,6.4,6.51,31600,205716.0,0.0,0.0,0.0,0.0,1005059.9,7.13,0.0,0.0
2025-12-29,6.51,6.55,6.39,6.39,15500,99045.0,0.0,0.0,0.0,0.0,1005059.9,7.13,0.0,0.0
2025-12-30,6.4,6.52,6.4,6.5,14300,92950.0,10.0,0.0,640.0,0.0,1005049.9,7.13,0.0,0.0
2025-12-31,6.56,6.56,6.44,6.45,18100,116745.0,0.0,0.0,0.0,0.0,1005049.9,7.13,0.0,0.0
2026-01-05,6.51,6.51,6.4,6.42,33200,213144.0,0.0,0.0,0.0,0.0,1005049.9,7.13,0.0,0.0
2026-01-06,6.42,6.42,6.38,6.4,30000,192000.0,0.0,0.0,0.0,0.0,1005049.9,7.13,0.0,0.0
2026-01-07,6.4,6.4,6.2,6.35,28300,179705.0,0.0,0.0,0.0,0.0,1005049.9,7.13,0.0,0.0
2026-01-08,6.35,6.4,6.33,6.35,14900,94615.0,0.0,0.0,0.0,0.0,1005049.9,7.13,0.0,0.0
2026-01-09,6.4,6.4,6.31,6.31,12900,81399.0,0.0,0.0,0.0,0.0,1004849.9,7.13,0.0,0.0
2026-01-12,6.32,6.38,6.22,6.34,103600,656824.0,0.0,0.0,0.0,0.0,1005049.9,7.13,0.0,0.0
2026-01-13,6.34,6.34,6.25,6.3,29700,187110.0,0.0,0.0,0.0,0.0,1005049.9,7.13,0.0,0.0
2026-01-14,6.4,6.4,6.3,6.3,70000,441000.0,0.0,0.0,0.0,0.0,1005049.9,7.13,0.0,0.0
2026-01-15,6.45,6.48,6.25,6.25,29900,186875.0,0.0,0.0,0.0,0.0,1005049.9,7.13,0.0,0.0
2026-01-16,6.27,6.29,6.24,6.25,43600,272500.0,0.0,0.0,0.0,0.0,1005049.9,7.13,0.0,0.0
2026-01-19,6.38,6.38,6.23,6.23,24700,153881.0,0.0,0.0,0.0,0.0,1005049.9,7.13,0.0,0.0
2026-01-20,6.25,6.25,6.13,6.21,52800,327888.0,0.0,0.0,0.0,0.0,1005049.9,7.13,0.0,0.0
2026-01-21,6.26,6.26,6.13,6.23,11100,69153.0,0.0,0.0,0.0,0.0,1005049.9,7.13,0.0,0.0
2026-01-22,6.23,6.23,6.14,6.19,24600,152274.0,0.0,0.0,0.0,0.0,1005049.9,7.13,0.0,0.0
2026-01-23,6.17,6.17,6.11,6.17,34000,209780.0,0.0,0.0,0.0,0.0,1005049.9,7.13,0.0,0.0
2026-01-26,6.17,6.24,6.14,6.21,28600,177606.0,0.0,0.0,0.0,0.0,1005049.9,7.13,0.0,0.0
2026-01-27,6.13,6.17,6.07,6.1,20800,126880.0,0.0,0.0,0.0,0.0,1005049.9,7.13,0.0,0.0
2026-01-28,6.1,6.18,6.0,6.0,29300,175800.0,0.0,140.0,0.0,8540.0,1005049.9,7.13,0.0,0.01
2026-01-29,6.1,6.14,6.07,6.14,12300,75522.0,0.0,0.0,0.0,0.0,1005049.9,7.13,0.0,0.0
2026-01-30,6.12,6.12,6.0,6.1,42400,258640.0,0.0,0.0,0.0,0.0,1005049.9,7.13,0.0,0.0
2026-02-02,6.1,6.13,6.08,6.12,17200,105264.0,0.0,0.0,0.0,0.0,1005189.9,7.13,0.0,0.0
2026-02-03,6.0,6.1,6.0,6.05,12700,76835.0,0.0,0.0,0.0,0.0,1005189.9,7.13,0.0,0.0
2026-02-04,6.05,6.1,6.02,6.02,55700,335314.0,10.0,0.0,603.0,0.0,1005179.9,7.13,0.0,0.0
2026-02-05,6.0,6.13,6.0,6.01,28600,171886.0,0.0,0.0,0.0,0.0,1005179.9,7.13,0.0,0.0
2026-02-06,6.05,6.05,5.96,6.01,36600,219966.0,0.0,0.0,0.0,0.0,1005179.9,7.13,0.0,0.0
2026-02-09,6.05,6.05,5.95,6.0,12400,74400.0,10.0,0.0,600.0,0.0,1005169.9,7.13,0.0,0.0
2026-02-10,6.0,6.0,5.91,5.94,17300,102762.0,10.0,0.0,597.0,0.0,1005159.9,7.13,0.0,0.0
2026-02-11,5.97,6.07,5.9,6.06,17800,107868.0,0.0,0.0,0.0,0.0,1005159.9,7.13,0.0,0.0
2026-02-12,6.02,6.02,5.92,5.96,9200,54832.0,10.0,0.0,596.0,0.0,1005149.9,7.13,0.0,0.0
2026-02-13,6.36,6.36,5.91,6.05,19700,119185.0,20.0,0.0,1186.0,0.0,1005129.9,7.13,0.0,0.0
2026-02-23,6.06,6.1,6.05,6.07,11000,66770.0,0.0,0.0,0.0,0.0,1005129.9,7.13,0.0,0.0
2026-02-24,6.07,6.13,6.0,6.09,17800,108402.0,0.0,0.0,0.0,0.0,1005129.9,7.13,0.0,0.0
2026-02-25,6.09,6.09,6.01,6.01,24800,149048.0,0.0,0.0,0.0,0.0,1005129.9,7.13,0.0,0.0
2026-02-26,6.01,6.07,6.0,6.0,27200,163200.0,0.0,0.0,0.0,0.0,1005129.9,7.13,0.0,0.0
2026-02-27,6.1,6.1,5.9,6.0,30400,182400.0,20.0,0.0,1182.0,0.0,1005109.9,7.13,0.0,0.0
2026-03-02,5.9,5.98,5.59,5.94,28900,171666.0,0.0,0.0,0.0,0.0,1005109.9,7.13,0.0,0.0
2026-03-03,5.94,5.97,5.8,5.85,7500,43875.0,0.0,0.0,0.0,0.0,1005109.9,7.13,0.0,0.0
2026-03-04,5.85,5.86,5.7,5.8,17400,100920.0,0.0,0.0,0.0,0.0,1005109.9,7.13,0.0,0.0
2026-03-05,5.8,5.88,5.8,5.85,4100,23985.0,0.0,0.0,0.0,0.0,1005089.9,7.13,0.0,0.0
2026-03-06,5.8,5.87,5.72,5.85,9600,56160.0,0.0,0.0,0.0,0.0,1005109.9,7.13,0.0,0.0
2026-03-09,5.7,5.77,5.45,5.45,224700,1224615.0,20.0,0.0,1100.0,0.0,1005089.9,7.13,0.0,0.0
2026-03-10,5.75,5.75,5.4,5.46,64100,349986.0,0.0,0.0,0.0,0.0,1005089.9,7.13,0.0,0.0
2026-03-11,5.47,5.68,5.46,5.67,22200,125874.0,0.0,0.0,0.0,0.0,1005089.9,7.13,0.0,0.0
2026-03-12,5.61,5.61,5.53,5.6,10300,57679.99999999999,0.0,0.0,0.0,0.0,1005089.9,7.13,0.0,0.0
2026-03-13,5.21,5.64,5.21,5.58,40700,227106.0,0.0,0.0,0.0,0.0,1005089.9,7.13,0.0,0.0
2026-03-16,5.7,5.7,5.6,5.6,26200,146720.0,0.0,0.0,0.0,0.0,1005089.9,7.13,0.0,0.0
2026-03-17,5.65,5.99,5.65,5.99,101400,607386.0,0.0,40.0,0.0,2392.0,1005089.9,7.13,0.0,0.0
2026-03-18,6.4,6.4,6.4,6.4,191400,1224960.0,0.0,20.0,0.0,1280.0,1005089.9,7.13,0.0,0.0
2026-03-19,6.84,6.84,6.84,6.84,260500,1781820.0,0.0,10.0,0.0,684.0,1005089.9,7.13,0.0,0.0
2026-03-20,7.31,7.31,6.82,7.0,1277500,8942500.0,120.0,60.0,8631.0,4382.0,1005009.9,7.13,0.01,0.0
2026-03-23,7.0,7.0,6.51,6.51,174600,1136646.0,20.0,0.0,1320.0,0.0,1005069.9,7.13,0.0,0.0
2026-03-24,6.7,6.7,6.06,6.06,123600,749016.0,0.0,0.0,0.0,0.0,1005079.9,7.13,0.0,0.0
2026-03-25,5.68,6.25,5.68,6.16,432300,2662968.0,180.0,20.0,10623.0,1206.0,1004499.9,7.13,0.01,0.0
2026-03-26,6.0,6.24,6.0,6.18,29100,179838.0,160.0,0.0,9605.0,0.0,1004759.9,7.13,0.01,0.0
2026-03-27,6.18,6.18,5.9,6.0,147400,884400.0,240.0,120.0,14383.0,7155.0,1004419.9,7.13,0.01,0.01
2026-03-30,5.99,5.99,5.71,5.8,178000,1032400.0,40.0,150.0,2314.0,8753.0,1004499.9,7.13,0.0,0.01
2026-03-31,5.9,5.98,5.8,5.85,39300,229905.0,0.0,140.0,0.0,8158.0,1004639.9,7.13,0.0,0.01
2026-04-01,5.65,6.0,5.61,5.79,286000,1655940.0,1400.0,0.0,0.01,0.0,0.0,7.13,0.01,0.0
2026-04-02,5.78,5.79,5.58,5.58,153600,857088.0,600.0,0.0,0.0,0.0,0.0,7.13,0.0,0.0
2026-04-03,5.61,5.77,5.5,5.65,150700,851455.0,100.0,0.0,0.0,0.0,0.0,7.13,0.0,0.0
2026-04-06,5.65,5.65,5.5,5.52,63900,352728.0,0.0,0.0,0.0,0.0,0.0,7.13,0.0,0.0
2026-04-07,5.54,5.6,5.5,5.59,38700,216333.0,0.0,0.0,0.0,0.0,0.0,7.13,0.0,0.0
2026-04-08,5.68,5.68,5.5,5.6,204600,1145760.0,0.0,0.0,0.0,0.0,0.0,7.13,0.0,0.0
2026-04-09,5.6,5.65,5.56,5.6,27200,152320.0,0.0,0.0,0.0,0.0,0.0,7.13,0.0,0.0
2026-04-10,5.65,5.67,5.56,5.65,70500,398325.0,0.0,0.0,0.0,0.0,0.0,7.13,0.0,0.0
2026-04-13,5.6,5.65,5.57,5.6,51700,289520.0,0.0,230.0,0.0,12880.0,1004679.9,7.13,0.0,0.01
2026-04-14,5.6,5.7,5.6,5.7,16100,91770.0,0.0,0.0,0.0,0.0,1004679.9,7.13,0.0,0.0
2026-04-15,5.7,5.73,5.65,5.65,85200,481380.00000000006,0.0,0.0,0.0,0.0,1004679.9,7.13,0.0,0.0
2026-04-16,5.61,5.71,5.6,5.66,37200,210552.0,0.0,0.0,0.0,0.0,1004909.9,7.13,0.0,0.0
2026-04-17,5.66,5.66,5.54,5.61,60300,338283.0,0.0,0.0,0.0,0.0,1004909.9,7.13,0.0,0.0
2026-04-20,5.6,5.61,5.56,5.58,18900,105462.0,0.0,0.0,0.0,0.0,1004909.9,,,
2026-04-21,5.58,5.7,5.56,5.67,88800,503496.0,0.0,0.0,0.0,0.0,1004909.9,,,
2026-04-22,5.69,5.77,5.63,5.67,6800,38556.0,0.0,0.0,0.0,0.0,1004909.9,,,
2026-04-23,5.67,5.7,5.61,5.66,28100,159046.0,10.0,0.0,564.0,0.0,1004899.9,,,
2026-04-24,5.7,5.77,5.63,5.73,70100,401673.00000000006,3600.0,0.0,207118.0,0.0,1001299.9,,,
2026-04-28,5.62,5.68,5.53,5.59,99400,555646.0,0.0,0.0,0.0,0.0,1001299.9,,,
2026-04-29,5.65,5.65,5.53,5.6,28500,159600.0,0.0,0.0,0.0,0.0,1001299.9,,,
2026-05-04,5.5,5.56,5.41,5.56,68300,379748.0,0.0,0.0,0.0,0.0,1001299.9,,,
2026-05-05,5.59,5.6,5.5,5.57,11600,64612.0,0,0,0.0,0.0,1001299.90,,,
